{
  "origin" : {
    "x" : 194121.643224369909,
    "y" : 2662383.45870195189,
    "spatialReference" : {
      "wkid" : 32646,
      "latestWkid" : 32646
    }
  },
  "extent" : {
    "xmin" : 194121.643224369909,
    "ymin" : 2602948.57885792339,
    "xmax" : 270811.810765051865,
    "ymax" : 2662383.45870195189,
    "spatialReference" : {
      "wkid" : 32646,
      "latestWkid" : 32646
    }
  },
  "geodataXform" : {
    "spatialReference" : {
      "wkid" : 32646,
      "latestWkid" : 32646
    },
    "type" : "IdentityXform"
  },
  "LODInfos" : {
    "resolutions" : [
      1917.2541885170485,
      958.62709425852427
    ],
    "levels" : [
      0,
      1
    ],
    "scales" : [
      7246300.5505839549,
      3623150.2752919775
    ],
    "dpi" : 96,
    "type" : "RasterLODInfos"
  },
  "blockWidth" : 256,
  "blockHeight" : 256,
  "bandCount" : 1,
  "pixelType" : 10,
  "pixelSizeX" : 958.62709425852449,
  "pixelSizeY" : 958.62709425852427,
  "format" : "Cache/RAW",
  "compressionType" : "",
  "firstPyramidLevel" : 1,
  "maximumPyramidLevel" : 0,
  "packetSize" : 12,
  "compressionQuality" : 0,
  "pyramidResamplingType" : 0,
  "properties" : {
    "KIND" : "IMAGE",
    "BAND_COUNT" : "1",
    "HAS_TABLE" : "0",
    "HAS_XFORM" : "0",
    "BSQ" : "0",
    "BandProperties" : [
      {
        "NoData" : "0",
        "BandName" : "tropospheric_NO2_column_number_density",
        "type" : "PropertySet"
      }
    ],
    "DataType" : "Generic",
    "type" : "PropertySet"
  },
  "statistics" : [
    {
      "min" : 3.2419945220761303e-05,
      "max" : 0.00027029910098818016,
      "mean" : 0.00012059542292077756,
      "standardDeviation" : 5.9048973502755453e-05,
      "sum" : 0.28822306078065835,
      "median" : 0.00011637729431514444,
      "mode" : 4.8278555605255896e-05,
      "skipX" : 1,
      "skipY" : 1,
      "count" : 2390,
      "covariances" : "0.000000"
    }
  ],
  "histograms" : [
    {
      "size" : 256,
      "min" : 3.2419945220761303e-05,
      "max" : 0.00027029910098818016,
      "counts" : [
        2,
        9,
        23,
        15,
        19,
        19,
        22,
        22,
        21,
        13,
        20,
        8,
        16,
        28,
        13,
        13,
        28,
        44,
        11,
        15,
        14,
        11,
        11,
        10,
        3,
        11,
        3,
        6,
        10,
        7,
        10,
        11,
        10,
        15,
        11,
        26,
        20,
        20,
        19,
        13,
        15,
        17,
        18,
        13,
        7,
        14,
        15,
        16,
        18,
        19,
        13,
        10,
        12,
        19,
        12,
        15,
        6,
        7,
        6,
        15,
        12,
        9,
        12,
        10,
        16,
        13,
        18,
        14,
        14,
        16,
        11,
        7,
        7,
        12,
        7,
        5,
        17,
        9,
        11,
        11,
        11,
        9,
        11,
        12,
        6,
        6,
        13,
        11,
        8,
        6,
        18,
        17,
        13,
        14,
        20,
        19,
        12,
        10,
        10,
        15,
        10,
        15,
        17,
        12,
        15,
        8,
        11,
        10,
        12,
        10,
        8,
        15,
        12,
        15,
        11,
        10,
        9,
        9,
        13,
        5,
        8,
        6,
        10,
        11,
        5,
        8,
        13,
        13,
        9,
        9,
        7,
        14,
        3,
        14,
        8,
        2,
        7,
        8,
        8,
        8,
        7,
        9,
        13,
        6,
        6,
        12,
        7,
        13,
        10,
        9,
        11,
        12,
        11,
        14,
        9,
        8,
        5,
        11,
        12,
        8,
        11,
        9,
        8,
        11,
        7,
        10,
        10,
        9,
        6,
        13,
        9,
        16,
        15,
        16,
        9,
        8,
        4,
        10,
        6,
        4,
        12,
        8,
        5,
        9,
        5,
        2,
        4,
        7,
        6,
        8,
        5,
        11,
        5,
        8,
        3,
        4,
        3,
        9,
        3,
        5,
        3,
        3,
        5,
        12,
        3,
        8,
        11,
        2,
        4,
        3,
        3,
        2,
        8,
        2,
        1,
        2,
        4,
        2,
        3,
        2,
        3,
        2,
        1,
        1,
        3,
        3,
        1,
        2,
        2,
        3,
        4,
        0,
        8,
        2,
        3,
        2,
        0,
        0,
        3,
        2,
        0,
        2,
        1,
        3,
        1,
        0,
        3,
        2,
        0,
        1,
        0,
        0,
        1,
        2,
        0,
        1
      ]
    }
  ],
  "type" : "RasterInfo"
}