{
  "origin" : {
    "x" : 194121.643224369909,
    "y" : 2662383.45870195189,
    "spatialReference" : {
      "wkid" : 32646,
      "latestWkid" : 32646
    }
  },
  "extent" : {
    "xmin" : 194121.643224369909,
    "ymin" : 2602948.57885792339,
    "xmax" : 270811.810765051865,
    "ymax" : 2662383.45870195189,
    "spatialReference" : {
      "wkid" : 32646,
      "latestWkid" : 32646
    }
  },
  "geodataXform" : {
    "spatialReference" : {
      "wkid" : 32646,
      "latestWkid" : 32646
    },
    "type" : "IdentityXform"
  },
  "LODInfos" : {
    "resolutions" : [
      1917.2541885170485,
      958.62709425852427
    ],
    "levels" : [
      0,
      1
    ],
    "scales" : [
      7246300.5505839549,
      3623150.2752919775
    ],
    "dpi" : 96,
    "type" : "RasterLODInfos"
  },
  "blockWidth" : 256,
  "blockHeight" : 256,
  "bandCount" : 1,
  "pixelType" : 10,
  "pixelSizeX" : 958.62709425852449,
  "pixelSizeY" : 958.62709425852427,
  "format" : "Cache/RAW",
  "compressionType" : "",
  "firstPyramidLevel" : 1,
  "maximumPyramidLevel" : 0,
  "packetSize" : 12,
  "compressionQuality" : 0,
  "pyramidResamplingType" : 0,
  "properties" : {
    "KIND" : "IMAGE",
    "BAND_COUNT" : "1",
    "HAS_TABLE" : "0",
    "HAS_XFORM" : "0",
    "BSQ" : "0",
    "BandProperties" : [
      {
        "NoData" : "0",
        "BandName" : "tropospheric_NO2_column_number_density",
        "type" : "PropertySet"
      }
    ],
    "DataType" : "Generic",
    "type" : "PropertySet"
  },
  "statistics" : [
    {
      "min" : 4.5401660654113238e-05,
      "max" : 0.00027488651575787424,
      "mean" : 0.00014075537493161787,
      "standardDeviation" : 4.2219780793333895e-05,
      "sum" : 0.33640534608656669,
      "median" : 0.00014079536512861781,
      "mode" : 9.7598215932615738e-05,
      "skipX" : 1,
      "skipY" : 1,
      "count" : 2390,
      "covariances" : "0.000000"
    }
  ],
  "histograms" : [
    {
      "size" : 256,
      "min" : 4.5401660654113238e-05,
      "max" : 0.00027488651575787424,
      "counts" : [
        1,
        0,
        0,
        0,
        0,
        2,
        1,
        0,
        0,
        1,
        0,
        1,
        0,
        1,
        2,
        0,
        1,
        1,
        2,
        0,
        1,
        0,
        0,
        1,
        0,
        2,
        5,
        5,
        4,
        6,
        9,
        12,
        12,
        5,
        12,
        4,
        11,
        6,
        6,
        12,
        14,
        10,
        9,
        11,
        8,
        10,
        17,
        16,
        25,
        15,
        16,
        26,
        16,
        28,
        24,
        24,
        22,
        22,
        35,
        31,
        32,
        18,
        24,
        16,
        22,
        15,
        23,
        18,
        21,
        21,
        19,
        14,
        16,
        10,
        14,
        11,
        17,
        13,
        8,
        11,
        17,
        16,
        15,
        13,
        23,
        13,
        16,
        17,
        16,
        16,
        15,
        11,
        9,
        15,
        7,
        16,
        10,
        12,
        9,
        9,
        14,
        9,
        11,
        11,
        9,
        7,
        11,
        10,
        21,
        9,
        22,
        10,
        21,
        14,
        24,
        26,
        25,
        18,
        19,
        18,
        19,
        20,
        20,
        23,
        24,
        21,
        23,
        16,
        14,
        25,
        12,
        16,
        9,
        18,
        10,
        21,
        15,
        14,
        18,
        8,
        13,
        13,
        14,
        18,
        11,
        7,
        15,
        14,
        14,
        18,
        9,
        18,
        16,
        18,
        11,
        15,
        19,
        15,
        19,
        23,
        13,
        13,
        10,
        11,
        11,
        11,
        9,
        8,
        10,
        8,
        7,
        8,
        12,
        2,
        4,
        4,
        8,
        4,
        3,
        10,
        5,
        4,
        6,
        3,
        2,
        5,
        3,
        2,
        4,
        8,
        4,
        6,
        5,
        4,
        4,
        3,
        8,
        3,
        5,
        3,
        4,
        3,
        2,
        2,
        1,
        4,
        7,
        0,
        2,
        0,
        1,
        1,
        0,
        0,
        3,
        2,
        2,
        0,
        0,
        1,
        0,
        1,
        1,
        2,
        1,
        1,
        0,
        2,
        3,
        0,
        2,
        0,
        2,
        1,
        0,
        0,
        0,
        0,
        3,
        0,
        1,
        0,
        2,
        0,
        0,
        0,
        1,
        0,
        0,
        0,
        0,
        0,
        0,
        0,
        0,
        1
      ]
    }
  ],
  "type" : "RasterInfo"
}