{
  "origin" : {
    "x" : 194121.643224369909,
    "y" : 2662383.45870195189,
    "spatialReference" : {
      "wkid" : 32646,
      "latestWkid" : 32646
    }
  },
  "extent" : {
    "xmin" : 194121.643224369909,
    "ymin" : 2602948.57885792339,
    "xmax" : 270811.810765051865,
    "ymax" : 2662383.45870195189,
    "spatialReference" : {
      "wkid" : 32646,
      "latestWkid" : 32646
    }
  },
  "geodataXform" : {
    "spatialReference" : {
      "wkid" : 32646,
      "latestWkid" : 32646
    },
    "type" : "IdentityXform"
  },
  "LODInfos" : {
    "resolutions" : [
      1917.2541885170485,
      958.62709425852427
    ],
    "levels" : [
      0,
      1
    ],
    "scales" : [
      7246300.5505839549,
      3623150.2752919775
    ],
    "dpi" : 96,
    "type" : "RasterLODInfos"
  },
  "blockWidth" : 256,
  "blockHeight" : 256,
  "bandCount" : 1,
  "pixelType" : 10,
  "pixelSizeX" : 958.62709425852449,
  "pixelSizeY" : 958.62709425852427,
  "format" : "Cache/RAW",
  "compressionType" : "",
  "firstPyramidLevel" : 1,
  "maximumPyramidLevel" : 0,
  "packetSize" : 12,
  "compressionQuality" : 0,
  "pyramidResamplingType" : 0,
  "properties" : {
    "KIND" : "IMAGE",
    "BAND_COUNT" : "1",
    "HAS_TABLE" : "0",
    "HAS_XFORM" : "0",
    "BSQ" : "0",
    "BandProperties" : [
      {
        "NoData" : "0",
        "BandName" : "tropospheric_NO2_column_number_density",
        "type" : "PropertySet"
      }
    ],
    "DataType" : "Generic",
    "type" : "PropertySet"
  },
  "statistics" : [
    {
      "min" : 3.5131626669522724e-05,
      "max" : 0.00022760712513906386,
      "mean" : 0.00010876319339046808,
      "standardDeviation" : 5.8395232630087264e-05,
      "sum" : 0.25994403220321871,
      "median" : 9.853532028301863e-05,
      "mode" : 4.0415267803980718e-05,
      "skipX" : 1,
      "skipY" : 1,
      "count" : 2390,
      "covariances" : "0.000000"
    }
  ],
  "histograms" : [
    {
      "size" : 256,
      "min" : 3.5131626669522724e-05,
      "max" : 0.00022760712513906386,
      "counts" : [
        5,
        11,
        18,
        32,
        54,
        49,
        60,
        64,
        43,
        33,
        19,
        17,
        22,
        21,
        15,
        24,
        14,
        13,
        16,
        22,
        19,
        22,
        12,
        17,
        25,
        13,
        13,
        10,
        13,
        17,
        14,
        11,
        12,
        19,
        14,
        10,
        13,
        9,
        15,
        6,
        5,
        11,
        8,
        3,
        8,
        12,
        9,
        5,
        6,
        7,
        12,
        8,
        15,
        11,
        16,
        5,
        14,
        7,
        10,
        11,
        5,
        4,
        7,
        3,
        15,
        8,
        8,
        3,
        8,
        7,
        6,
        6,
        10,
        8,
        14,
        12,
        5,
        4,
        6,
        5,
        7,
        6,
        9,
        6,
        5,
        4,
        8,
        5,
        6,
        4,
        3,
        7,
        3,
        5,
        13,
        6,
        8,
        7,
        8,
        3,
        3,
        7,
        12,
        8,
        13,
        11,
        7,
        11,
        11,
        5,
        9,
        13,
        11,
        6,
        6,
        11,
        5,
        9,
        8,
        11,
        12,
        13,
        3,
        4,
        11,
        9,
        3,
        9,
        8,
        13,
        11,
        5,
        4,
        8,
        7,
        10,
        8,
        8,
        7,
        6,
        12,
        3,
        4,
        3,
        6,
        6,
        8,
        7,
        4,
        7,
        9,
        3,
        6,
        7,
        9,
        7,
        11,
        10,
        4,
        3,
        3,
        2,
        6,
        6,
        7,
        5,
        6,
        8,
        4,
        6,
        8,
        3,
        10,
        9,
        7,
        2,
        4,
        6,
        8,
        3,
        8,
        7,
        5,
        11,
        8,
        7,
        12,
        18,
        12,
        9,
        11,
        9,
        13,
        13,
        2,
        6,
        11,
        8,
        11,
        3,
        12,
        15,
        6,
        5,
        8,
        7,
        10,
        15,
        6,
        3,
        7,
        7,
        3,
        8,
        8,
        10,
        4,
        10,
        6,
        12,
        4,
        12,
        8,
        7,
        9,
        8,
        7,
        12,
        7,
        6,
        3,
        8,
        10,
        3,
        7,
        8,
        6,
        6,
        12,
        4,
        4,
        2,
        3,
        5,
        1,
        3,
        1,
        1,
        1,
        0,
        3,
        3,
        3,
        1,
        1,
        1
      ]
    }
  ],
  "type" : "RasterInfo"
}