{
  "origin" : {
    "x" : 194121.643224369909,
    "y" : 2662383.45870195189,
    "spatialReference" : {
      "wkid" : 32646,
      "latestWkid" : 32646
    }
  },
  "extent" : {
    "xmin" : 194121.643224369909,
    "ymin" : 2602948.57885792339,
    "xmax" : 270811.810765051865,
    "ymax" : 2662383.45870195189,
    "spatialReference" : {
      "wkid" : 32646,
      "latestWkid" : 32646
    }
  },
  "geodataXform" : {
    "spatialReference" : {
      "wkid" : 32646,
      "latestWkid" : 32646
    },
    "type" : "IdentityXform"
  },
  "LODInfos" : {
    "resolutions" : [
      1917.2541885170485,
      958.62709425852427
    ],
    "levels" : [
      0,
      1
    ],
    "scales" : [
      7246300.5505839549,
      3623150.2752919775
    ],
    "dpi" : 96,
    "type" : "RasterLODInfos"
  },
  "blockWidth" : 256,
  "blockHeight" : 256,
  "bandCount" : 1,
  "pixelType" : 10,
  "pixelSizeX" : 958.62709425852449,
  "pixelSizeY" : 958.62709425852427,
  "format" : "Cache/RAW",
  "compressionType" : "",
  "firstPyramidLevel" : 1,
  "maximumPyramidLevel" : 0,
  "packetSize" : 12,
  "compressionQuality" : 0,
  "pyramidResamplingType" : 0,
  "properties" : {
    "KIND" : "IMAGE",
    "BAND_COUNT" : "1",
    "HAS_TABLE" : "0",
    "HAS_XFORM" : "0",
    "BSQ" : "0",
    "BandProperties" : [
      {
        "NoData" : "0",
        "BandName" : "tropospheric_NO2_column_number_density",
        "type" : "PropertySet"
      }
    ],
    "DataType" : "Generic",
    "type" : "PropertySet"
  },
  "statistics" : [
    {
      "min" : 4.8481679156873676e-05,
      "max" : 0.00032498244192629805,
      "mean" : 0.00015614214195714874,
      "standardDeviation" : 6.045938889831779e-05,
      "sum" : 0.37317971927758548,
      "median" : 0.00015366040068092923,
      "mode" : 9.5107297976815825e-05,
      "skipX" : 1,
      "skipY" : 1,
      "count" : 2390,
      "covariances" : "0.000000"
    }
  ],
  "histograms" : [
    {
      "size" : 256,
      "min" : 4.8481679156873676e-05,
      "max" : 0.00032498244192629805,
      "counts" : [
        1,
        1,
        5,
        2,
        3,
        0,
        1,
        1,
        5,
        4,
        3,
        2,
        2,
        8,
        8,
        10,
        13,
        6,
        6,
        13,
        14,
        16,
        19,
        22,
        15,
        15,
        29,
        20,
        23,
        24,
        20,
        23,
        21,
        14,
        10,
        17,
        7,
        22,
        16,
        27,
        21,
        24,
        15,
        32,
        25,
        24,
        30,
        14,
        17,
        15,
        9,
        9,
        6,
        13,
        14,
        10,
        11,
        5,
        4,
        16,
        10,
        11,
        5,
        7,
        4,
        10,
        15,
        11,
        9,
        10,
        8,
        8,
        6,
        7,
        2,
        10,
        8,
        11,
        12,
        16,
        16,
        8,
        19,
        16,
        11,
        13,
        25,
        17,
        11,
        11,
        14,
        9,
        10,
        11,
        9,
        12,
        13,
        14,
        12,
        12,
        9,
        11,
        10,
        5,
        11,
        8,
        9,
        10,
        8,
        8,
        11,
        15,
        13,
        9,
        18,
        16,
        11,
        5,
        11,
        14,
        19,
        9,
        17,
        14,
        7,
        7,
        10,
        9,
        16,
        10,
        17,
        11,
        18,
        15,
        13,
        9,
        11,
        22,
        13,
        15,
        21,
        23,
        14,
        18,
        19,
        19,
        16,
        24,
        18,
        18,
        14,
        12,
        10,
        9,
        12,
        11,
        14,
        8,
        16,
        17,
        9,
        12,
        14,
        13,
        11,
        12,
        15,
        5,
        8,
        12,
        16,
        8,
        7,
        14,
        6,
        5,
        15,
        5,
        8,
        8,
        5,
        12,
        7,
        9,
        7,
        5,
        7,
        4,
        3,
        8,
        6,
        4,
        1,
        1,
        1,
        0,
        7,
        8,
        3,
        3,
        3,
        3,
        0,
        6,
        6,
        3,
        7,
        2,
        2,
        2,
        3,
        4,
        4,
        1,
        0,
        1,
        1,
        0,
        1,
        3,
        1,
        0,
        1,
        1,
        2,
        0,
        2,
        3,
        1,
        0,
        0,
        1,
        0,
        1,
        0,
        1,
        1,
        3,
        0,
        0,
        0,
        0,
        0,
        0,
        0,
        0,
        0,
        0,
        2,
        0,
        0,
        0,
        0,
        0,
        1,
        1
      ]
    }
  ],
  "type" : "RasterInfo"
}