{
  "origin" : {
    "x" : 194121.643224369909,
    "y" : 2662383.45870195189,
    "spatialReference" : {
      "wkid" : 32646,
      "latestWkid" : 32646
    }
  },
  "extent" : {
    "xmin" : 194121.643224369909,
    "ymin" : 2602948.57885792339,
    "xmax" : 270811.810765051865,
    "ymax" : 2662383.45870195189,
    "spatialReference" : {
      "wkid" : 32646,
      "latestWkid" : 32646
    }
  },
  "geodataXform" : {
    "spatialReference" : {
      "wkid" : 32646,
      "latestWkid" : 32646
    },
    "type" : "IdentityXform"
  },
  "LODInfos" : {
    "resolutions" : [
      1917.2541885170485,
      958.62709425852427
    ],
    "levels" : [
      0,
      1
    ],
    "scales" : [
      7246300.5505839549,
      3623150.2752919775
    ],
    "dpi" : 96,
    "type" : "RasterLODInfos"
  },
  "blockWidth" : 256,
  "blockHeight" : 256,
  "bandCount" : 1,
  "pixelType" : 10,
  "pixelSizeX" : 958.62709425852449,
  "pixelSizeY" : 958.62709425852427,
  "format" : "Cache/RAW",
  "compressionType" : "",
  "firstPyramidLevel" : 1,
  "maximumPyramidLevel" : 0,
  "packetSize" : 12,
  "compressionQuality" : 0,
  "pyramidResamplingType" : 0,
  "properties" : {
    "KIND" : "IMAGE",
    "BAND_COUNT" : "1",
    "HAS_TABLE" : "0",
    "HAS_XFORM" : "0",
    "BSQ" : "0",
    "BandProperties" : [
      {
        "NoData" : "0",
        "BandName" : "tropospheric_NO2_column_number_density",
        "type" : "PropertySet"
      }
    ],
    "DataType" : "Generic",
    "type" : "PropertySet"
  },
  "statistics" : [
    {
      "min" : 3.0346638413177778e-05,
      "max" : 0.00022541630778742896,
      "mean" : 9.2432516960325186e-05,
      "standardDeviation" : 4.2170877046982434e-05,
      "sum" : 0.22091371553517719,
      "median" : 8.8485049677660481e-05,
      "mode" : 3.9526387560201366e-05,
      "skipX" : 1,
      "skipY" : 1,
      "count" : 2390,
      "covariances" : "0.000000"
    }
  ],
  "histograms" : [
    {
      "size" : 256,
      "min" : 3.0346638413177778e-05,
      "max" : 0.00022541630778742896,
      "counts" : [
        5,
        8,
        18,
        22,
        22,
        19,
        29,
        23,
        16,
        25,
        29,
        26,
        32,
        11,
        11,
        16,
        25,
        16,
        26,
        13,
        22,
        19,
        20,
        25,
        26,
        19,
        30,
        15,
        11,
        15,
        15,
        17,
        17,
        13,
        14,
        19,
        7,
        14,
        11,
        10,
        9,
        4,
        6,
        9,
        5,
        10,
        6,
        13,
        9,
        12,
        5,
        13,
        12,
        13,
        16,
        10,
        13,
        17,
        13,
        17,
        15,
        22,
        21,
        21,
        19,
        10,
        12,
        11,
        14,
        12,
        15,
        12,
        13,
        16,
        18,
        15,
        14,
        19,
        12,
        16,
        12,
        20,
        13,
        12,
        10,
        13,
        15,
        4,
        15,
        9,
        17,
        15,
        21,
        19,
        14,
        13,
        10,
        6,
        10,
        15,
        14,
        11,
        8,
        13,
        9,
        12,
        12,
        5,
        7,
        11,
        12,
        14,
        10,
        7,
        13,
        12,
        22,
        17,
        11,
        21,
        19,
        15,
        22,
        28,
        11,
        17,
        14,
        9,
        11,
        12,
        20,
        7,
        8,
        9,
        13,
        6,
        7,
        8,
        12,
        7,
        12,
        9,
        7,
        7,
        8,
        18,
        10,
        5,
        11,
        10,
        13,
        6,
        8,
        6,
        9,
        10,
        9,
        7,
        7,
        7,
        5,
        11,
        3,
        5,
        5,
        4,
        4,
        8,
        0,
        5,
        4,
        4,
        3,
        5,
        6,
        2,
        2,
        8,
        4,
        6,
        4,
        1,
        3,
        2,
        6,
        2,
        8,
        3,
        1,
        2,
        1,
        3,
        1,
        4,
        3,
        1,
        1,
        2,
        1,
        3,
        1,
        1,
        2,
        2,
        6,
        2,
        2,
        2,
        2,
        0,
        2,
        4,
        4,
        1,
        0,
        0,
        1,
        0,
        1,
        0,
        1,
        0,
        0,
        0,
        3,
        0,
        1,
        0,
        0,
        1,
        0,
        1,
        0,
        0,
        2,
        0,
        4,
        1,
        0,
        1,
        0,
        0,
        1,
        1,
        1,
        1,
        1,
        0,
        1,
        0,
        0,
        0,
        1,
        0,
        0,
        1
      ]
    }
  ],
  "type" : "RasterInfo"
}