{
  "origin" : {
    "x" : 194121.643224369909,
    "y" : 2662383.45870195189,
    "spatialReference" : {
      "wkid" : 32646,
      "latestWkid" : 32646
    }
  },
  "extent" : {
    "xmin" : 194121.643224369909,
    "ymin" : 2602948.57885792339,
    "xmax" : 270811.810765051865,
    "ymax" : 2662383.45870195189,
    "spatialReference" : {
      "wkid" : 32646,
      "latestWkid" : 32646
    }
  },
  "geodataXform" : {
    "spatialReference" : {
      "wkid" : 32646,
      "latestWkid" : 32646
    },
    "type" : "IdentityXform"
  },
  "LODInfos" : {
    "resolutions" : [
      1917.2541885170485,
      958.62709425852427
    ],
    "levels" : [
      0,
      1
    ],
    "scales" : [
      7246300.5505839549,
      3623150.2752919775
    ],
    "dpi" : 96,
    "type" : "RasterLODInfos"
  },
  "blockWidth" : 256,
  "blockHeight" : 256,
  "bandCount" : 1,
  "pixelType" : 10,
  "pixelSizeX" : 958.62709425852449,
  "pixelSizeY" : 958.62709425852427,
  "format" : "Cache/RAW",
  "compressionType" : "",
  "firstPyramidLevel" : 1,
  "maximumPyramidLevel" : 0,
  "packetSize" : 12,
  "compressionQuality" : 0,
  "pyramidResamplingType" : 0,
  "properties" : {
    "KIND" : "IMAGE",
    "BAND_COUNT" : "1",
    "HAS_TABLE" : "0",
    "HAS_XFORM" : "0",
    "BSQ" : "0",
    "BandProperties" : [
      {
        "NoData" : "0",
        "BandName" : "tropospheric_NO2_column_number_density",
        "type" : "PropertySet"
      }
    ],
    "DataType" : "Generic",
    "type" : "PropertySet"
  },
  "statistics" : [
    {
      "min" : 4.0503328833772015e-05,
      "max" : 0.00025718873713860666,
      "mean" : 0.00012402491030611001,
      "standardDeviation" : 6.0143453800542266e-05,
      "sum" : 0.29641953563160295,
      "median" : 0.00012632774545647124,
      "mode" : 4.8151049126883829e-05,
      "skipX" : 1,
      "skipY" : 1,
      "count" : 2390,
      "covariances" : "0.000000"
    }
  ],
  "histograms" : [
    {
      "size" : 256,
      "min" : 4.0503328833772015e-05,
      "max" : 0.00025718873713860666,
      "counts" : [
        4,
        3,
        9,
        17,
        11,
        23,
        19,
        29,
        54,
        55,
        47,
        38,
        42,
        29,
        28,
        18,
        13,
        28,
        34,
        29,
        25,
        29,
        15,
        19,
        21,
        14,
        8,
        11,
        16,
        17,
        18,
        16,
        14,
        5,
        9,
        9,
        5,
        5,
        4,
        6,
        9,
        3,
        1,
        3,
        6,
        5,
        10,
        5,
        9,
        3,
        3,
        6,
        8,
        10,
        5,
        7,
        4,
        7,
        9,
        5,
        4,
        13,
        1,
        4,
        7,
        5,
        2,
        5,
        6,
        4,
        4,
        10,
        5,
        8,
        4,
        5,
        5,
        7,
        7,
        8,
        8,
        6,
        7,
        6,
        6,
        9,
        7,
        5,
        6,
        8,
        11,
        5,
        14,
        4,
        10,
        6,
        11,
        5,
        17,
        7,
        6,
        7,
        10,
        9,
        5,
        8,
        10,
        11,
        4,
        8,
        5,
        17,
        12,
        11,
        13,
        12,
        8,
        11,
        21,
        18,
        12,
        12,
        14,
        9,
        10,
        20,
        7,
        9,
        12,
        15,
        3,
        3,
        9,
        13,
        6,
        8,
        10,
        13,
        12,
        5,
        8,
        11,
        7,
        9,
        10,
        7,
        4,
        10,
        6,
        12,
        10,
        6,
        5,
        13,
        9,
        9,
        11,
        5,
        11,
        14,
        12,
        11,
        18,
        12,
        12,
        20,
        16,
        8,
        11,
        10,
        11,
        9,
        3,
        11,
        16,
        11,
        20,
        16,
        13,
        10,
        15,
        13,
        8,
        5,
        10,
        13,
        18,
        17,
        8,
        11,
        8,
        12,
        12,
        8,
        8,
        5,
        9,
        12,
        8,
        4,
        4,
        1,
        3,
        5,
        9,
        4,
        4,
        4,
        7,
        4,
        11,
        10,
        2,
        3,
        4,
        1,
        1,
        4,
        4,
        5,
        2,
        3,
        9,
        0,
        1,
        2,
        3,
        3,
        3,
        4,
        3,
        5,
        2,
        2,
        1,
        2,
        1,
        1,
        2,
        1,
        5,
        3,
        2,
        0,
        1,
        1,
        2,
        1,
        1,
        0,
        1,
        2,
        4,
        0,
        1,
        1
      ]
    }
  ],
  "type" : "RasterInfo"
}