{
  "origin" : {
    "x" : 194121.643224369909,
    "y" : 2662383.45870195189,
    "spatialReference" : {
      "wkid" : 32646,
      "latestWkid" : 32646
    }
  },
  "extent" : {
    "xmin" : 194121.643224369909,
    "ymin" : 2602948.57885792339,
    "xmax" : 270811.810765051865,
    "ymax" : 2662383.45870195189,
    "spatialReference" : {
      "wkid" : 32646,
      "latestWkid" : 32646
    }
  },
  "geodataXform" : {
    "spatialReference" : {
      "wkid" : 32646,
      "latestWkid" : 32646
    },
    "type" : "IdentityXform"
  },
  "LODInfos" : {
    "resolutions" : [
      1917.2541885170485,
      958.62709425852427
    ],
    "levels" : [
      0,
      1
    ],
    "scales" : [
      7246300.5505839549,
      3623150.2752919775
    ],
    "dpi" : 96,
    "type" : "RasterLODInfos"
  },
  "blockWidth" : 256,
  "blockHeight" : 256,
  "bandCount" : 1,
  "pixelType" : 10,
  "pixelSizeX" : 958.62709425852449,
  "pixelSizeY" : 958.62709425852427,
  "format" : "Cache/RAW",
  "compressionType" : "",
  "firstPyramidLevel" : 1,
  "maximumPyramidLevel" : 0,
  "packetSize" : 12,
  "compressionQuality" : 0,
  "pyramidResamplingType" : 0,
  "properties" : {
    "KIND" : "IMAGE",
    "BAND_COUNT" : "1",
    "HAS_TABLE" : "0",
    "HAS_XFORM" : "0",
    "BSQ" : "0",
    "BandProperties" : [
      {
        "NoData" : "0",
        "BandName" : "tropospheric_NO2_column_number_density",
        "type" : "PropertySet"
      }
    ],
    "DataType" : "Generic",
    "type" : "PropertySet"
  },
  "statistics" : [
    {
      "min" : 4.8115117373902829e-05,
      "max" : 0.00032845696142660107,
      "mean" : 0.00016832545880392721,
      "standardDeviation" : 8.5102417973351025e-05,
      "sum" : 0.40229784654138601,
      "median" : 0.0001536555763113892,
      "mode" : 5.2512636496298092e-05,
      "skipX" : 1,
      "skipY" : 1,
      "count" : 2390,
      "covariances" : "0.000000"
    }
  ],
  "histograms" : [
    {
      "size" : 256,
      "min" : 4.8115117373902829e-05,
      "max" : 0.00032845696142660107,
      "counts" : [
        6,
        11,
        13,
        30,
        54,
        37,
        44,
        31,
        29,
        31,
        13,
        14,
        14,
        29,
        12,
        13,
        16,
        14,
        7,
        14,
        6,
        9,
        8,
        6,
        8,
        8,
        15,
        5,
        4,
        8,
        8,
        7,
        8,
        8,
        14,
        10,
        11,
        21,
        18,
        13,
        17,
        9,
        8,
        4,
        3,
        8,
        5,
        8,
        4,
        9,
        12,
        10,
        11,
        8,
        15,
        12,
        9,
        16,
        15,
        4,
        10,
        12,
        9,
        11,
        9,
        6,
        9,
        10,
        7,
        4,
        9,
        13,
        10,
        13,
        11,
        9,
        17,
        13,
        15,
        6,
        11,
        10,
        12,
        16,
        11,
        7,
        11,
        16,
        10,
        12,
        16,
        11,
        12,
        6,
        4,
        10,
        5,
        2,
        4,
        7,
        5,
        9,
        6,
        1,
        12,
        3,
        10,
        6,
        10,
        9,
        11,
        5,
        7,
        2,
        4,
        6,
        7,
        10,
        9,
        3,
        5,
        7,
        4,
        6,
        11,
        5,
        7,
        3,
        7,
        5,
        10,
        2,
        6,
        6,
        4,
        9,
        15,
        9,
        7,
        10,
        10,
        6,
        14,
        7,
        10,
        6,
        13,
        6,
        9,
        2,
        7,
        15,
        6,
        4,
        2,
        5,
        7,
        3,
        2,
        5,
        11,
        6,
        5,
        5,
        6,
        2,
        12,
        10,
        6,
        12,
        8,
        9,
        10,
        5,
        16,
        6,
        10,
        11,
        12,
        9,
        13,
        16,
        9,
        8,
        5,
        10,
        5,
        11,
        6,
        11,
        6,
        4,
        5,
        7,
        10,
        6,
        10,
        6,
        5,
        6,
        11,
        6,
        13,
        7,
        12,
        8,
        10,
        7,
        11,
        12,
        11,
        8,
        9,
        11,
        11,
        15,
        9,
        3,
        5,
        9,
        6,
        3,
        15,
        11,
        11,
        7,
        11,
        14,
        11,
        13,
        18,
        9,
        8,
        7,
        9,
        3,
        8,
        11,
        7,
        6,
        7,
        14,
        16,
        5,
        4,
        3,
        1,
        3,
        1,
        1,
        2,
        1,
        1,
        2,
        0,
        1
      ]
    }
  ],
  "type" : "RasterInfo"
}