{
  "origin" : {
    "x" : 194121.643224369909,
    "y" : 2662383.45870195189,
    "spatialReference" : {
      "wkid" : 32646,
      "latestWkid" : 32646
    }
  },
  "extent" : {
    "xmin" : 194121.643224369909,
    "ymin" : 2602948.57885792339,
    "xmax" : 270811.810765051865,
    "ymax" : 2662383.45870195189,
    "spatialReference" : {
      "wkid" : 32646,
      "latestWkid" : 32646
    }
  },
  "geodataXform" : {
    "spatialReference" : {
      "wkid" : 32646,
      "latestWkid" : 32646
    },
    "type" : "IdentityXform"
  },
  "LODInfos" : {
    "resolutions" : [
      1917.2541885170485,
      958.62709425852427
    ],
    "levels" : [
      0,
      1
    ],
    "scales" : [
      7246300.5505839549,
      3623150.2752919775
    ],
    "dpi" : 96,
    "type" : "RasterLODInfos"
  },
  "blockWidth" : 256,
  "blockHeight" : 256,
  "bandCount" : 1,
  "pixelType" : 10,
  "pixelSizeX" : 958.62709425852449,
  "pixelSizeY" : 958.62709425852427,
  "format" : "Cache/RAW",
  "compressionType" : "",
  "firstPyramidLevel" : 1,
  "maximumPyramidLevel" : 0,
  "packetSize" : 12,
  "compressionQuality" : 0,
  "pyramidResamplingType" : 0,
  "properties" : {
    "KIND" : "IMAGE",
    "BAND_COUNT" : "1",
    "HAS_TABLE" : "0",
    "HAS_XFORM" : "0",
    "BSQ" : "0",
    "BandProperties" : [
      {
        "NoData" : "0",
        "BandName" : "tropospheric_NO2_column_number_density",
        "type" : "PropertySet"
      }
    ],
    "DataType" : "Generic",
    "type" : "PropertySet"
  },
  "statistics" : [
    {
      "min" : 4.4146006347565791e-05,
      "max" : 0.00033922798590875285,
      "mean" : 0.00016898253460754506,
      "standardDeviation" : 6.76312688066679e-05,
      "sum" : 0.40386825771203266,
      "median" : 0.00017375064050777344,
      "mode" : 0.00021193772021569176,
      "skipX" : 1,
      "skipY" : 1,
      "count" : 2390,
      "covariances" : "0.000000"
    }
  ],
  "histograms" : [
    {
      "size" : 256,
      "min" : 4.4146006347565791e-05,
      "max" : 0.00033922798590875285,
      "counts" : [
        1,
        2,
        3,
        1,
        2,
        5,
        11,
        12,
        4,
        18,
        12,
        3,
        9,
        6,
        8,
        8,
        11,
        17,
        12,
        9,
        17,
        14,
        19,
        15,
        11,
        20,
        9,
        12,
        11,
        7,
        7,
        6,
        6,
        5,
        6,
        9,
        3,
        7,
        9,
        10,
        15,
        13,
        15,
        17,
        12,
        9,
        6,
        6,
        9,
        6,
        13,
        12,
        17,
        8,
        8,
        15,
        14,
        7,
        12,
        19,
        17,
        17,
        15,
        15,
        17,
        17,
        10,
        14,
        15,
        14,
        10,
        10,
        11,
        8,
        11,
        12,
        8,
        13,
        9,
        10,
        9,
        7,
        12,
        10,
        13,
        19,
        10,
        10,
        13,
        12,
        8,
        8,
        8,
        11,
        9,
        7,
        11,
        14,
        9,
        7,
        7,
        13,
        7,
        16,
        13,
        12,
        14,
        11,
        15,
        11,
        10,
        14,
        15,
        14,
        20,
        16,
        16,
        15,
        18,
        11,
        13,
        16,
        11,
        15,
        11,
        17,
        12,
        4,
        17,
        22,
        21,
        9,
        13,
        11,
        15,
        21,
        14,
        16,
        24,
        15,
        17,
        25,
        18,
        24,
        29,
        30,
        16,
        20,
        26,
        13,
        15,
        21,
        19,
        19,
        13,
        19,
        15,
        15,
        8,
        8,
        14,
        12,
        11,
        9,
        5,
        9,
        10,
        6,
        14,
        5,
        7,
        7,
        5,
        2,
        3,
        7,
        6,
        7,
        4,
        8,
        9,
        9,
        4,
        4,
        9,
        9,
        5,
        4,
        5,
        5,
        4,
        5,
        3,
        2,
        3,
        1,
        3,
        5,
        4,
        5,
        1,
        3,
        2,
        3,
        5,
        3,
        4,
        4,
        2,
        3,
        1,
        3,
        0,
        4,
        3,
        3,
        3,
        4,
        4,
        3,
        1,
        4,
        3,
        10,
        4,
        7,
        2,
        3,
        2,
        1,
        4,
        5,
        0,
        3,
        3,
        1,
        2,
        3,
        4,
        6,
        3,
        4,
        1,
        1,
        3,
        4,
        4,
        2,
        4,
        1,
        0,
        0,
        1,
        0,
        1,
        1
      ]
    }
  ],
  "type" : "RasterInfo"
}