{
  "origin" : {
    "x" : 194121.643224369909,
    "y" : 2662383.45870195189,
    "spatialReference" : {
      "wkid" : 32646,
      "latestWkid" : 32646
    }
  },
  "extent" : {
    "xmin" : 194121.643224369909,
    "ymin" : 2602948.57885792339,
    "xmax" : 270811.810765051865,
    "ymax" : 2662383.45870195189,
    "spatialReference" : {
      "wkid" : 32646,
      "latestWkid" : 32646
    }
  },
  "geodataXform" : {
    "spatialReference" : {
      "wkid" : 32646,
      "latestWkid" : 32646
    },
    "type" : "IdentityXform"
  },
  "LODInfos" : {
    "resolutions" : [
      1917.2541885170485,
      958.62709425852427
    ],
    "levels" : [
      0,
      1
    ],
    "scales" : [
      7246300.5505839549,
      3623150.2752919775
    ],
    "dpi" : 96,
    "type" : "RasterLODInfos"
  },
  "blockWidth" : 256,
  "blockHeight" : 256,
  "bandCount" : 1,
  "pixelType" : 10,
  "pixelSizeX" : 958.62709425852449,
  "pixelSizeY" : 958.62709425852427,
  "format" : "Cache/RAW",
  "compressionType" : "",
  "firstPyramidLevel" : 1,
  "maximumPyramidLevel" : 0,
  "packetSize" : 12,
  "compressionQuality" : 0,
  "pyramidResamplingType" : 0,
  "properties" : {
    "KIND" : "IMAGE",
    "BAND_COUNT" : "1",
    "HAS_TABLE" : "0",
    "HAS_XFORM" : "0",
    "BSQ" : "0",
    "BandProperties" : [
      {
        "NoData" : "0",
        "BandName" : "tropospheric_NO2_column_number_density",
        "type" : "PropertySet"
      }
    ],
    "DataType" : "Generic",
    "type" : "PropertySet"
  },
  "statistics" : [
    {
      "min" : 5.0903950054882587e-05,
      "max" : 0.00042296881130246647,
      "mean" : 0.00021310213008420901,
      "standardDeviation" : 0.00010595861047024882,
      "sum" : 0.50931409090125956,
      "median" : 0.00021432067342637041,
      "mode" : 6.8412884701827715e-05,
      "skipX" : 1,
      "skipY" : 1,
      "count" : 2390,
      "covariances" : "0.000000"
    }
  ],
  "histograms" : [
    {
      "size" : 256,
      "min" : 5.0903950054882587e-05,
      "max" : 0.00042296881130246647,
      "counts" : [
        3,
        5,
        19,
        26,
        11,
        9,
        11,
        19,
        18,
        23,
        28,
        30,
        34,
        14,
        10,
        11,
        13,
        10,
        10,
        16,
        27,
        22,
        22,
        30,
        29,
        17,
        21,
        19,
        18,
        11,
        16,
        13,
        8,
        4,
        10,
        7,
        6,
        9,
        9,
        7,
        6,
        9,
        7,
        7,
        5,
        7,
        9,
        7,
        4,
        8,
        4,
        2,
        6,
        4,
        3,
        1,
        5,
        7,
        5,
        4,
        7,
        6,
        5,
        4,
        6,
        7,
        5,
        6,
        7,
        6,
        4,
        6,
        3,
        6,
        9,
        6,
        6,
        9,
        9,
        7,
        11,
        11,
        12,
        11,
        7,
        12,
        7,
        15,
        8,
        6,
        5,
        5,
        7,
        12,
        6,
        14,
        9,
        6,
        2,
        12,
        13,
        6,
        7,
        12,
        11,
        13,
        20,
        11,
        12,
        15,
        15,
        11,
        12,
        7,
        20,
        8,
        28,
        18,
        16,
        16,
        17,
        9,
        19,
        16,
        14,
        8,
        7,
        9,
        13,
        12,
        10,
        8,
        8,
        7,
        7,
        7,
        5,
        6,
        4,
        13,
        1,
        11,
        6,
        12,
        7,
        8,
        7,
        5,
        19,
        4,
        8,
        6,
        10,
        12,
        7,
        6,
        6,
        13,
        4,
        9,
        7,
        9,
        10,
        8,
        4,
        7,
        11,
        5,
        15,
        15,
        10,
        11,
        12,
        11,
        11,
        13,
        10,
        16,
        8,
        11,
        4,
        7,
        10,
        8,
        10,
        9,
        9,
        16,
        13,
        14,
        8,
        11,
        9,
        12,
        7,
        10,
        17,
        10,
        14,
        11,
        7,
        10,
        12,
        6,
        7,
        8,
        9,
        9,
        7,
        5,
        7,
        5,
        5,
        3,
        2,
        7,
        5,
        5,
        5,
        5,
        4,
        4,
        6,
        9,
        2,
        3,
        9,
        3,
        3,
        1,
        7,
        7,
        7,
        6,
        12,
        8,
        2,
        11,
        6,
        2,
        6,
        6,
        2,
        7,
        8,
        7,
        7,
        6,
        4,
        6,
        2,
        2,
        2,
        1,
        1,
        1
      ]
    }
  ],
  "type" : "RasterInfo"
}