{
  "origin" : {
    "x" : 194121.643224369909,
    "y" : 2662383.45870195189,
    "spatialReference" : {
      "wkid" : 32646,
      "latestWkid" : 32646
    }
  },
  "extent" : {
    "xmin" : 194121.643224369909,
    "ymin" : 2602948.57885792339,
    "xmax" : 270811.810765051865,
    "ymax" : 2662383.45870195189,
    "spatialReference" : {
      "wkid" : 32646,
      "latestWkid" : 32646
    }
  },
  "geodataXform" : {
    "spatialReference" : {
      "wkid" : 32646,
      "latestWkid" : 32646
    },
    "type" : "IdentityXform"
  },
  "LODInfos" : {
    "resolutions" : [
      1917.2541885170485,
      958.62709425852427
    ],
    "levels" : [
      0,
      1
    ],
    "scales" : [
      7246300.5505839549,
      3623150.2752919775
    ],
    "dpi" : 96,
    "type" : "RasterLODInfos"
  },
  "blockWidth" : 256,
  "blockHeight" : 256,
  "bandCount" : 1,
  "pixelType" : 10,
  "pixelSizeX" : 958.62709425852449,
  "pixelSizeY" : 958.62709425852427,
  "format" : "Cache/RAW",
  "compressionType" : "",
  "firstPyramidLevel" : 1,
  "maximumPyramidLevel" : 0,
  "packetSize" : 12,
  "compressionQuality" : 0,
  "pyramidResamplingType" : 0,
  "properties" : {
    "KIND" : "IMAGE",
    "BAND_COUNT" : "1",
    "HAS_TABLE" : "0",
    "HAS_XFORM" : "0",
    "BSQ" : "0",
    "BandProperties" : [
      {
        "NoData" : "0",
        "BandName" : "tropospheric_NO2_column_number_density",
        "type" : "PropertySet"
      }
    ],
    "DataType" : "Generic",
    "type" : "PropertySet"
  },
  "statistics" : [
    {
      "min" : 2.068383592180272e-05,
      "max" : 0.00014007509376864067,
      "mean" : 5.8204730840398135e-05,
      "standardDeviation" : 1.8798545713619379e-05,
      "sum" : 0.13881828305434954,
      "median" : 5.7203514792600218e-05,
      "skipX" : 1,
      "skipY" : 1,
      "count" : 2385,
      "covariances" : "0.000000"
    }
  ],
  "histograms" : [
    {
      "size" : 256,
      "min" : 2.068383592180272e-05,
      "max" : 0.00014007509376864067,
      "counts" : [
        3,
        3,
        0,
        0,
        2,
        1,
        0,
        0,
        1,
        2,
        2,
        0,
        1,
        1,
        2,
        2,
        4,
        6,
        8,
        14,
        15,
        9,
        14,
        17,
        25,
        15,
        19,
        20,
        33,
        23,
        25,
        26,
        27,
        28,
        28,
        26,
        27,
        24,
        17,
        6,
        17,
        11,
        11,
        18,
        16,
        18,
        20,
        10,
        12,
        12,
        28,
        13,
        18,
        10,
        19,
        21,
        21,
        10,
        22,
        16,
        24,
        12,
        18,
        25,
        22,
        21,
        22,
        26,
        22,
        28,
        21,
        26,
        16,
        19,
        19,
        21,
        17,
        19,
        20,
        33,
        28,
        15,
        27,
        31,
        20,
        25,
        19,
        12,
        22,
        22,
        21,
        28,
        26,
        27,
        22,
        26,
        22,
        28,
        24,
        26,
        28,
        17,
        20,
        16,
        21,
        13,
        21,
        16,
        7,
        19,
        10,
        11,
        20,
        19,
        9,
        15,
        17,
        12,
        22,
        16,
        17,
        17,
        15,
        8,
        14,
        20,
        11,
        9,
        3,
        5,
        9,
        6,
        8,
        6,
        4,
        5,
        9,
        2,
        4,
        2,
        13,
        5,
        1,
        4,
        3,
        4,
        3,
        3,
        8,
        4,
        0,
        2,
        0,
        6,
        1,
        2,
        1,
        5,
        2,
        3,
        5,
        6,
        4,
        4,
        3,
        0,
        2,
        2,
        3,
        0,
        2,
        10,
        5,
        3,
        2,
        3,
        3,
        2,
        4,
        3,
        4,
        7,
        7,
        0,
        2,
        2,
        1,
        4,
        2,
        1,
        1,
        0,
        0,
        0,
        0,
        1,
        0,
        0,
        2,
        0,
        0,
        0,
        2,
        0,
        0,
        1,
        0,
        0,
        3,
        0,
        0,
        0,
        0,
        0,
        0,
        0,
        0,
        0,
        0,
        0,
        0,
        0,
        0,
        0,
        1,
        1,
        0,
        0,
        0,
        0,
        0,
        0,
        0,
        0,
        0,
        0,
        0,
        0,
        0,
        0,
        0,
        1,
        0,
        0,
        0,
        0,
        0,
        0,
        0,
        0,
        0,
        0,
        0,
        0,
        0,
        2
      ]
    }
  ],
  "type" : "RasterInfo"
}