{
  "origin" : {
    "x" : 194121.643224369909,
    "y" : 2662383.45870195189,
    "spatialReference" : {
      "wkid" : 32646,
      "latestWkid" : 32646
    }
  },
  "extent" : {
    "xmin" : 194121.643224369909,
    "ymin" : 2602948.57885792339,
    "xmax" : 270811.810765051865,
    "ymax" : 2662383.45870195189,
    "spatialReference" : {
      "wkid" : 32646,
      "latestWkid" : 32646
    }
  },
  "geodataXform" : {
    "spatialReference" : {
      "wkid" : 32646,
      "latestWkid" : 32646
    },
    "type" : "IdentityXform"
  },
  "LODInfos" : {
    "resolutions" : [
      1917.2541885170485,
      958.62709425852427
    ],
    "levels" : [
      0,
      1
    ],
    "scales" : [
      7246300.5505839549,
      3623150.2752919775
    ],
    "dpi" : 96,
    "type" : "RasterLODInfos"
  },
  "blockWidth" : 256,
  "blockHeight" : 256,
  "bandCount" : 1,
  "pixelType" : 10,
  "pixelSizeX" : 958.62709425852449,
  "pixelSizeY" : 958.62709425852427,
  "format" : "Cache/RAW",
  "compressionType" : "",
  "firstPyramidLevel" : 1,
  "maximumPyramidLevel" : 0,
  "packetSize" : 12,
  "compressionQuality" : 0,
  "pyramidResamplingType" : 0,
  "properties" : {
    "KIND" : "IMAGE",
    "BAND_COUNT" : "1",
    "HAS_TABLE" : "0",
    "HAS_XFORM" : "0",
    "BSQ" : "0",
    "BandProperties" : [
      {
        "NoData" : "0",
        "BandName" : "tropospheric_NO2_column_number_density",
        "type" : "PropertySet"
      }
    ],
    "DataType" : "Generic",
    "type" : "PropertySet"
  },
  "statistics" : [
    {
      "min" : 2.7345596233967644e-05,
      "max" : 0.00024986857816865329,
      "mean" : 8.808593776952365e-05,
      "standardDeviation" : 3.8254772213235254e-05,
      "sum" : 0.20982070376700535,
      "median" : 8.4939779793533342e-05,
      "skipX" : 1,
      "skipY" : 1,
      "count" : 2382,
      "covariances" : "0.000000"
    }
  ],
  "histograms" : [
    {
      "size" : 256,
      "min" : 2.7345596233967644e-05,
      "max" : 0.00024986857816865329,
      "counts" : [
        7,
        21,
        18,
        16,
        24,
        23,
        24,
        39,
        22,
        33,
        19,
        19,
        10,
        8,
        12,
        13,
        22,
        16,
        8,
        3,
        5,
        12,
        13,
        14,
        14,
        14,
        15,
        16,
        19,
        15,
        18,
        26,
        11,
        14,
        6,
        14,
        13,
        19,
        17,
        10,
        8,
        17,
        15,
        15,
        20,
        27,
        31,
        16,
        13,
        19,
        21,
        15,
        18,
        12,
        24,
        17,
        16,
        39,
        15,
        19,
        25,
        32,
        32,
        32,
        27,
        14,
        18,
        19,
        15,
        26,
        16,
        13,
        22,
        26,
        25,
        22,
        26,
        31,
        18,
        25,
        31,
        20,
        23,
        19,
        25,
        21,
        19,
        19,
        25,
        17,
        15,
        18,
        12,
        17,
        13,
        9,
        19,
        19,
        23,
        10,
        20,
        17,
        18,
        18,
        14,
        16,
        10,
        9,
        16,
        18,
        6,
        13,
        10,
        10,
        8,
        4,
        5,
        6,
        4,
        13,
        4,
        9,
        8,
        6,
        6,
        2,
        6,
        4,
        3,
        9,
        10,
        9,
        9,
        11,
        4,
        2,
        6,
        3,
        3,
        7,
        6,
        6,
        6,
        4,
        6,
        7,
        3,
        3,
        2,
        6,
        2,
        3,
        3,
        2,
        7,
        3,
        5,
        2,
        2,
        5,
        4,
        3,
        3,
        7,
        8,
        3,
        2,
        3,
        0,
        0,
        0,
        1,
        1,
        2,
        2,
        1,
        2,
        2,
        0,
        0,
        1,
        1,
        0,
        0,
        1,
        2,
        1,
        0,
        3,
        1,
        1,
        2,
        1,
        3,
        4,
        3,
        2,
        1,
        0,
        0,
        2,
        2,
        0,
        1,
        1,
        0,
        0,
        1,
        0,
        0,
        0,
        0,
        0,
        0,
        1,
        0,
        0,
        0,
        0,
        0,
        0,
        0,
        0,
        0,
        0,
        0,
        1,
        0,
        0,
        0,
        1,
        0,
        0,
        2,
        0,
        0,
        0,
        0,
        0,
        0,
        0,
        0,
        0,
        0,
        0,
        0,
        0,
        1,
        0,
        0,
        0,
        0,
        1,
        0,
        0,
        1
      ]
    }
  ],
  "type" : "RasterInfo"
}