{
  "origin" : {
    "x" : 194121.643224369909,
    "y" : 2662383.45870195189,
    "spatialReference" : {
      "wkid" : 32646,
      "latestWkid" : 32646
    }
  },
  "extent" : {
    "xmin" : 194121.643224369909,
    "ymin" : 2602948.57885792339,
    "xmax" : 270811.810765051865,
    "ymax" : 2662383.45870195189,
    "spatialReference" : {
      "wkid" : 32646,
      "latestWkid" : 32646
    }
  },
  "geodataXform" : {
    "spatialReference" : {
      "wkid" : 32646,
      "latestWkid" : 32646
    },
    "type" : "IdentityXform"
  },
  "LODInfos" : {
    "resolutions" : [
      1917.2541885170485,
      958.62709425852427
    ],
    "levels" : [
      0,
      1
    ],
    "scales" : [
      7246300.5505839549,
      3623150.2752919775
    ],
    "dpi" : 96,
    "type" : "RasterLODInfos"
  },
  "blockWidth" : 256,
  "blockHeight" : 256,
  "bandCount" : 1,
  "pixelType" : 10,
  "pixelSizeX" : 958.62709425852449,
  "pixelSizeY" : 958.62709425852427,
  "format" : "Cache/RAW",
  "compressionType" : "",
  "firstPyramidLevel" : 1,
  "maximumPyramidLevel" : 0,
  "packetSize" : 12,
  "compressionQuality" : 0,
  "pyramidResamplingType" : 0,
  "properties" : {
    "KIND" : "IMAGE",
    "BAND_COUNT" : "1",
    "HAS_TABLE" : "0",
    "HAS_XFORM" : "0",
    "BSQ" : "0",
    "BandProperties" : [
      {
        "NoData" : "0",
        "BandName" : "tropospheric_NO2_column_number_density",
        "type" : "PropertySet"
      }
    ],
    "DataType" : "Generic",
    "type" : "PropertySet"
  },
  "statistics" : [
    {
      "min" : 7.7770662184598478e-05,
      "max" : 0.00033425146538082587,
      "mean" : 0.00019801252763092055,
      "standardDeviation" : 6.9836935299140844e-05,
      "sum" : 0.47324994103790013,
      "median" : 0.0002014849319616023,
      "mode" : 0.00010090422482582684,
      "skipX" : 1,
      "skipY" : 1,
      "count" : 2390,
      "covariances" : "0.000000"
    }
  ],
  "histograms" : [
    {
      "size" : 256,
      "min" : 7.7770662184598478e-05,
      "max" : 0.00033425146538082587,
      "counts" : [
        1,
        0,
        2,
        2,
        4,
        2,
        9,
        7,
        5,
        5,
        10,
        8,
        7,
        5,
        8,
        3,
        9,
        7,
        7,
        13,
        18,
        22,
        28,
        32,
        25,
        23,
        17,
        10,
        17,
        13,
        15,
        14,
        7,
        12,
        13,
        17,
        12,
        11,
        18,
        12,
        16,
        14,
        10,
        10,
        9,
        9,
        9,
        7,
        18,
        9,
        11,
        15,
        9,
        8,
        8,
        17,
        15,
        11,
        14,
        9,
        8,
        9,
        12,
        10,
        7,
        3,
        12,
        11,
        6,
        9,
        6,
        10,
        9,
        5,
        6,
        6,
        2,
        8,
        10,
        7,
        6,
        10,
        7,
        9,
        7,
        8,
        5,
        10,
        11,
        4,
        18,
        9,
        4,
        7,
        5,
        10,
        3,
        11,
        8,
        9,
        16,
        7,
        12,
        8,
        8,
        10,
        14,
        2,
        12,
        8,
        8,
        10,
        7,
        6,
        6,
        6,
        10,
        7,
        9,
        6,
        8,
        12,
        7,
        6,
        5,
        13,
        6,
        6,
        12,
        7,
        10,
        6,
        7,
        5,
        10,
        9,
        5,
        7,
        4,
        5,
        6,
        13,
        9,
        17,
        14,
        9,
        11,
        4,
        20,
        10,
        12,
        5,
        16,
        14,
        22,
        9,
        12,
        9,
        15,
        15,
        18,
        9,
        20,
        8,
        6,
        13,
        12,
        14,
        11,
        11,
        24,
        18,
        24,
        21,
        11,
        11,
        12,
        12,
        13,
        13,
        5,
        10,
        12,
        8,
        16,
        17,
        9,
        19,
        17,
        9,
        15,
        10,
        15,
        5,
        16,
        11,
        12,
        6,
        8,
        8,
        8,
        7,
        5,
        5,
        9,
        11,
        7,
        3,
        6,
        5,
        5,
        10,
        5,
        10,
        10,
        9,
        5,
        6,
        9,
        6,
        5,
        4,
        2,
        8,
        4,
        4,
        4,
        7,
        8,
        8,
        7,
        6,
        9,
        8,
        7,
        11,
        6,
        4,
        3,
        6,
        5,
        5,
        3,
        8,
        5,
        5,
        4,
        2,
        8,
        3,
        5,
        2,
        0,
        1,
        3,
        1
      ]
    }
  ],
  "type" : "RasterInfo"
}