{
  "origin" : {
    "x" : 194121.643224369909,
    "y" : 2662383.45870195189,
    "spatialReference" : {
      "wkid" : 32646,
      "latestWkid" : 32646
    }
  },
  "extent" : {
    "xmin" : 194121.643224369909,
    "ymin" : 2602948.57885792339,
    "xmax" : 270811.810765051865,
    "ymax" : 2662383.45870195189,
    "spatialReference" : {
      "wkid" : 32646,
      "latestWkid" : 32646
    }
  },
  "geodataXform" : {
    "spatialReference" : {
      "wkid" : 32646,
      "latestWkid" : 32646
    },
    "type" : "IdentityXform"
  },
  "LODInfos" : {
    "resolutions" : [
      1917.2541885170485,
      958.62709425852427
    ],
    "levels" : [
      0,
      1
    ],
    "scales" : [
      7246300.5505839549,
      3623150.2752919775
    ],
    "dpi" : 96,
    "type" : "RasterLODInfos"
  },
  "blockWidth" : 256,
  "blockHeight" : 256,
  "bandCount" : 1,
  "pixelType" : 10,
  "pixelSizeX" : 958.62709425852449,
  "pixelSizeY" : 958.62709425852427,
  "format" : "Cache/RAW",
  "compressionType" : "",
  "firstPyramidLevel" : 1,
  "maximumPyramidLevel" : 0,
  "packetSize" : 12,
  "compressionQuality" : 0,
  "pyramidResamplingType" : 0,
  "properties" : {
    "KIND" : "IMAGE",
    "BAND_COUNT" : "1",
    "HAS_TABLE" : "0",
    "HAS_XFORM" : "0",
    "BSQ" : "0",
    "BandProperties" : [
      {
        "NoData" : "0",
        "BandName" : "tropospheric_NO2_column_number_density",
        "type" : "PropertySet"
      }
    ],
    "DataType" : "Generic",
    "type" : "PropertySet"
  },
  "statistics" : [
    {
      "min" : 2.8000408830548391e-05,
      "max" : 0.00016596640740610582,
      "mean" : 7.7869345591075244e-05,
      "standardDeviation" : 3.8105754019494359e-05,
      "sum" : 0.18610773596266983,
      "median" : 6.6955514310705784e-05,
      "mode" : 3.2869797015568066e-05,
      "skipX" : 1,
      "skipY" : 1,
      "count" : 2390,
      "covariances" : "0.000000"
    }
  ],
  "histograms" : [
    {
      "size" : 256,
      "min" : 2.8000408830548391e-05,
      "max" : 0.00016596640740610582,
      "counts" : [
        8,
        8,
        3,
        10,
        7,
        18,
        23,
        16,
        27,
        36,
        31,
        26,
        28,
        19,
        12,
        24,
        19,
        15,
        11,
        19,
        25,
        26,
        25,
        27,
        23,
        20,
        15,
        8,
        16,
        14,
        21,
        12,
        15,
        17,
        20,
        16,
        14,
        29,
        28,
        20,
        10,
        11,
        10,
        19,
        21,
        7,
        13,
        14,
        13,
        14,
        15,
        7,
        15,
        13,
        8,
        10,
        10,
        12,
        13,
        12,
        17,
        15,
        17,
        20,
        18,
        21,
        14,
        19,
        13,
        11,
        13,
        13,
        6,
        10,
        12,
        15,
        3,
        8,
        14,
        15,
        9,
        13,
        7,
        9,
        9,
        6,
        9,
        16,
        7,
        10,
        6,
        8,
        6,
        11,
        11,
        13,
        4,
        8,
        5,
        12,
        11,
        8,
        15,
        9,
        9,
        8,
        14,
        12,
        7,
        10,
        9,
        6,
        9,
        9,
        4,
        10,
        11,
        11,
        10,
        10,
        7,
        8,
        10,
        9,
        8,
        7,
        9,
        6,
        2,
        7,
        8,
        13,
        7,
        7,
        3,
        10,
        8,
        8,
        6,
        5,
        9,
        4,
        5,
        7,
        3,
        5,
        3,
        8,
        8,
        5,
        2,
        4,
        10,
        7,
        2,
        6,
        3,
        4,
        11,
        7,
        2,
        4,
        4,
        6,
        8,
        6,
        4,
        1,
        4,
        3,
        6,
        7,
        2,
        3,
        5,
        5,
        1,
        5,
        1,
        6,
        14,
        6,
        2,
        10,
        9,
        9,
        6,
        1,
        8,
        5,
        10,
        1,
        7,
        5,
        8,
        2,
        6,
        3,
        8,
        8,
        7,
        9,
        5,
        8,
        5,
        3,
        5,
        6,
        9,
        7,
        3,
        6,
        7,
        6,
        1,
        3,
        4,
        7,
        4,
        3,
        9,
        7,
        5,
        9,
        2,
        6,
        2,
        1,
        5,
        7,
        7,
        8,
        6,
        6,
        6,
        4,
        2,
        6,
        6,
        3,
        6,
        4,
        6,
        2,
        2,
        6,
        5,
        2,
        5,
        7,
        2,
        2,
        6,
        2,
        2,
        1
      ]
    }
  ],
  "type" : "RasterInfo"
}