{
  "origin" : {
    "x" : 194121.643224369909,
    "y" : 2662383.45870195189,
    "spatialReference" : {
      "wkid" : 32646,
      "latestWkid" : 32646
    }
  },
  "extent" : {
    "xmin" : 194121.643224369909,
    "ymin" : 2602948.57885792339,
    "xmax" : 270811.810765051865,
    "ymax" : 2662383.45870195189,
    "spatialReference" : {
      "wkid" : 32646,
      "latestWkid" : 32646
    }
  },
  "geodataXform" : {
    "spatialReference" : {
      "wkid" : 32646,
      "latestWkid" : 32646
    },
    "type" : "IdentityXform"
  },
  "LODInfos" : {
    "resolutions" : [
      1917.2541885170485,
      958.62709425852427
    ],
    "levels" : [
      0,
      1
    ],
    "scales" : [
      7246300.5505839549,
      3623150.2752919775
    ],
    "dpi" : 96,
    "type" : "RasterLODInfos"
  },
  "blockWidth" : 256,
  "blockHeight" : 256,
  "bandCount" : 1,
  "pixelType" : 10,
  "pixelSizeX" : 958.62709425852449,
  "pixelSizeY" : 958.62709425852427,
  "format" : "Cache/RAW",
  "compressionType" : "",
  "firstPyramidLevel" : 1,
  "maximumPyramidLevel" : 0,
  "packetSize" : 12,
  "compressionQuality" : 0,
  "pyramidResamplingType" : 0,
  "properties" : {
    "KIND" : "IMAGE",
    "BAND_COUNT" : "1",
    "HAS_TABLE" : "0",
    "HAS_XFORM" : "0",
    "BSQ" : "0",
    "BandProperties" : [
      {
        "NoData" : "0",
        "BandName" : "tropospheric_NO2_column_number_density",
        "type" : "PropertySet"
      }
    ],
    "DataType" : "Generic",
    "type" : "PropertySet"
  },
  "statistics" : [
    {
      "min" : 2.2712599014577482e-05,
      "max" : 0.00014855140930606327,
      "mean" : 5.7622132365123756e-05,
      "standardDeviation" : 2.3615282819414301e-05,
      "sum" : 0.13771689635264578,
      "median" : 5.4295672970087637e-05,
      "mode" : 2.8634425381235638e-05,
      "skipX" : 1,
      "skipY" : 1,
      "count" : 2390,
      "covariances" : "0.000000"
    }
  ],
  "histograms" : [
    {
      "size" : 256,
      "min" : 2.2712599014577482e-05,
      "max" : 0.00014855140930606327,
      "counts" : [
        5,
        8,
        1,
        4,
        6,
        4,
        9,
        21,
        27,
        28,
        35,
        37,
        53,
        48,
        32,
        45,
        49,
        16,
        21,
        21,
        15,
        17,
        15,
        14,
        11,
        13,
        15,
        8,
        18,
        3,
        15,
        16,
        15,
        19,
        11,
        15,
        10,
        15,
        12,
        13,
        20,
        11,
        25,
        23,
        20,
        17,
        21,
        23,
        32,
        20,
        14,
        15,
        18,
        27,
        19,
        12,
        24,
        17,
        21,
        10,
        24,
        12,
        15,
        9,
        13,
        14,
        16,
        19,
        15,
        15,
        13,
        16,
        18,
        16,
        13,
        11,
        18,
        16,
        16,
        18,
        7,
        16,
        19,
        10,
        19,
        16,
        22,
        19,
        24,
        16,
        20,
        19,
        18,
        13,
        17,
        21,
        13,
        8,
        14,
        4,
        9,
        17,
        11,
        20,
        11,
        15,
        13,
        12,
        15,
        15,
        14,
        17,
        13,
        13,
        11,
        5,
        11,
        10,
        6,
        7,
        13,
        13,
        7,
        6,
        7,
        6,
        9,
        10,
        8,
        9,
        7,
        7,
        9,
        8,
        3,
        14,
        11,
        8,
        10,
        9,
        8,
        10,
        7,
        7,
        9,
        6,
        7,
        2,
        5,
        4,
        4,
        6,
        1,
        1,
        6,
        2,
        3,
        3,
        3,
        0,
        1,
        3,
        2,
        5,
        2,
        6,
        0,
        6,
        7,
        3,
        3,
        4,
        7,
        2,
        1,
        1,
        1,
        5,
        1,
        2,
        1,
        2,
        1,
        3,
        2,
        3,
        4,
        3,
        7,
        6,
        9,
        3,
        3,
        2,
        2,
        2,
        3,
        0,
        1,
        3,
        0,
        0,
        0,
        0,
        1,
        0,
        0,
        0,
        0,
        0,
        1,
        0,
        0,
        0,
        0,
        0,
        0,
        0,
        0,
        0,
        0,
        0,
        0,
        0,
        0,
        0,
        0,
        0,
        0,
        0,
        0,
        0,
        0,
        0,
        0,
        0,
        0,
        0,
        0,
        0,
        0,
        0,
        0,
        0,
        0,
        0,
        0,
        0,
        0,
        0,
        0,
        0,
        0,
        1,
        0,
        1
      ]
    }
  ],
  "type" : "RasterInfo"
}