{
  "origin" : {
    "x" : 194121.643224369909,
    "y" : 2662383.45870195189,
    "spatialReference" : {
      "wkid" : 32646,
      "latestWkid" : 32646
    }
  },
  "extent" : {
    "xmin" : 194121.643224369909,
    "ymin" : 2602948.57885792339,
    "xmax" : 270811.810765051865,
    "ymax" : 2662383.45870195189,
    "spatialReference" : {
      "wkid" : 32646,
      "latestWkid" : 32646
    }
  },
  "geodataXform" : {
    "spatialReference" : {
      "wkid" : 32646,
      "latestWkid" : 32646
    },
    "type" : "IdentityXform"
  },
  "LODInfos" : {
    "resolutions" : [
      1917.2541885170485,
      958.62709425852427
    ],
    "levels" : [
      0,
      1
    ],
    "scales" : [
      7246300.5505839549,
      3623150.2752919775
    ],
    "dpi" : 96,
    "type" : "RasterLODInfos"
  },
  "blockWidth" : 256,
  "blockHeight" : 256,
  "bandCount" : 1,
  "pixelType" : 10,
  "pixelSizeX" : 958.62709425852449,
  "pixelSizeY" : 958.62709425852427,
  "format" : "Cache/RAW",
  "compressionType" : "",
  "firstPyramidLevel" : 1,
  "maximumPyramidLevel" : 0,
  "packetSize" : 12,
  "compressionQuality" : 0,
  "pyramidResamplingType" : 0,
  "properties" : {
    "KIND" : "IMAGE",
    "BAND_COUNT" : "1",
    "HAS_TABLE" : "0",
    "HAS_XFORM" : "0",
    "BSQ" : "0",
    "BandProperties" : [
      {
        "NoData" : "0",
        "BandName" : "tropospheric_NO2_column_number_density",
        "type" : "PropertySet"
      }
    ],
    "DataType" : "Generic",
    "type" : "PropertySet"
  },
  "statistics" : [
    {
      "min" : 2.8216752686600566e-05,
      "max" : 0.00018966548873418425,
      "mean" : 8.6180932952540206e-05,
      "standardDeviation" : 3.6216413477495251e-05,
      "sum" : 0.2059724297565711,
      "median" : 8.519865952692421e-05,
      "mode" : 3.5814340265310387e-05,
      "skipX" : 1,
      "skipY" : 1,
      "count" : 2390,
      "covariances" : "0.000000"
    }
  ],
  "histograms" : [
    {
      "size" : 256,
      "min" : 2.8216752686600566e-05,
      "max" : 0.00018966548873418425,
      "counts" : [
        3,
        5,
        5,
        14,
        31,
        18,
        32,
        42,
        32,
        28,
        25,
        40,
        43,
        14,
        20,
        10,
        12,
        8,
        12,
        8,
        6,
        6,
        3,
        7,
        2,
        2,
        2,
        0,
        3,
        8,
        1,
        2,
        5,
        5,
        3,
        7,
        6,
        6,
        7,
        7,
        8,
        12,
        23,
        15,
        8,
        17,
        12,
        10,
        14,
        6,
        15,
        3,
        15,
        6,
        10,
        16,
        14,
        10,
        16,
        10,
        17,
        10,
        13,
        10,
        12,
        15,
        10,
        14,
        20,
        12,
        11,
        8,
        14,
        10,
        20,
        12,
        9,
        13,
        19,
        12,
        11,
        12,
        14,
        21,
        25,
        28,
        27,
        15,
        18,
        28,
        18,
        17,
        14,
        14,
        17,
        21,
        17,
        17,
        25,
        19,
        18,
        26,
        15,
        18,
        10,
        17,
        16,
        19,
        13,
        17,
        20,
        13,
        21,
        13,
        16,
        17,
        18,
        20,
        10,
        13,
        17,
        16,
        11,
        12,
        12,
        11,
        14,
        10,
        7,
        8,
        8,
        7,
        12,
        15,
        18,
        13,
        8,
        10,
        8,
        6,
        9,
        14,
        15,
        9,
        5,
        12,
        6,
        4,
        7,
        7,
        12,
        15,
        8,
        15,
        4,
        4,
        9,
        10,
        5,
        5,
        8,
        10,
        7,
        3,
        6,
        6,
        5,
        7,
        7,
        3,
        5,
        2,
        6,
        2,
        4,
        4,
        4,
        4,
        2,
        3,
        8,
        7,
        3,
        5,
        9,
        8,
        4,
        2,
        6,
        3,
        7,
        3,
        3,
        1,
        3,
        1,
        2,
        1,
        7,
        0,
        5,
        2,
        4,
        4,
        4,
        6,
        5,
        2,
        3,
        0,
        2,
        3,
        6,
        3,
        1,
        1,
        3,
        2,
        2,
        3,
        3,
        2,
        3,
        1,
        0,
        2,
        1,
        0,
        3,
        8,
        5,
        5,
        0,
        4,
        1,
        0,
        0,
        0,
        1,
        1,
        1,
        2,
        2,
        2,
        0,
        2,
        0,
        0,
        0,
        0,
        0,
        0,
        0,
        1,
        0,
        1
      ]
    }
  ],
  "type" : "RasterInfo"
}