{
  "origin" : {
    "x" : 194121.643224369909,
    "y" : 2662383.45870195189,
    "spatialReference" : {
      "wkid" : 32646,
      "latestWkid" : 32646
    }
  },
  "extent" : {
    "xmin" : 194121.643224369909,
    "ymin" : 2602948.57885792339,
    "xmax" : 270811.810765051865,
    "ymax" : 2662383.45870195189,
    "spatialReference" : {
      "wkid" : 32646,
      "latestWkid" : 32646
    }
  },
  "geodataXform" : {
    "spatialReference" : {
      "wkid" : 32646,
      "latestWkid" : 32646
    },
    "type" : "IdentityXform"
  },
  "LODInfos" : {
    "resolutions" : [
      1917.2541885170485,
      958.62709425852427
    ],
    "levels" : [
      0,
      1
    ],
    "scales" : [
      7246300.5505839549,
      3623150.2752919775
    ],
    "dpi" : 96,
    "type" : "RasterLODInfos"
  },
  "blockWidth" : 256,
  "blockHeight" : 256,
  "bandCount" : 1,
  "pixelType" : 10,
  "pixelSizeX" : 958.62709425852449,
  "pixelSizeY" : 958.62709425852427,
  "format" : "Cache/RAW",
  "compressionType" : "",
  "firstPyramidLevel" : 1,
  "maximumPyramidLevel" : 0,
  "packetSize" : 12,
  "compressionQuality" : 0,
  "pyramidResamplingType" : 0,
  "properties" : {
    "KIND" : "IMAGE",
    "BAND_COUNT" : "1",
    "HAS_TABLE" : "0",
    "HAS_XFORM" : "0",
    "BSQ" : "0",
    "BandProperties" : [
      {
        "NoData" : "0",
        "BandName" : "tropospheric_NO2_column_number_density",
        "type" : "PropertySet"
      }
    ],
    "DataType" : "Generic",
    "type" : "PropertySet"
  },
  "statistics" : [
    {
      "min" : 2.9026495053901975e-05,
      "max" : 0.0001788494005482819,
      "mean" : 8.0114246035943449e-05,
      "standardDeviation" : 3.332429910836068e-05,
      "sum" : 0.19147304802590484,
      "median" : 7.3092055493425485e-05,
      "skipX" : 1,
      "skipY" : 1,
      "count" : 2390,
      "covariances" : "0.000000"
    }
  ],
  "histograms" : [
    {
      "size" : 256,
      "min" : 2.9026495053901975e-05,
      "max" : 0.0001788494005482819,
      "counts" : [
        7,
        7,
        5,
        6,
        6,
        8,
        19,
        18,
        23,
        36,
        41,
        41,
        20,
        22,
        25,
        14,
        13,
        19,
        14,
        14,
        16,
        10,
        7,
        5,
        6,
        10,
        13,
        9,
        8,
        12,
        13,
        6,
        11,
        10,
        20,
        9,
        9,
        16,
        15,
        9,
        16,
        15,
        14,
        13,
        20,
        17,
        18,
        17,
        15,
        19,
        32,
        14,
        18,
        13,
        11,
        15,
        17,
        15,
        14,
        13,
        14,
        8,
        17,
        22,
        18,
        19,
        32,
        35,
        35,
        23,
        21,
        12,
        14,
        9,
        7,
        15,
        11,
        12,
        12,
        10,
        10,
        13,
        11,
        13,
        11,
        11,
        9,
        7,
        15,
        5,
        16,
        7,
        10,
        7,
        9,
        11,
        8,
        21,
        8,
        14,
        7,
        8,
        10,
        10,
        11,
        8,
        9,
        11,
        9,
        14,
        11,
        12,
        8,
        12,
        16,
        14,
        15,
        12,
        12,
        12,
        11,
        14,
        18,
        10,
        8,
        12,
        11,
        8,
        8,
        5,
        4,
        10,
        11,
        10,
        7,
        8,
        3,
        7,
        12,
        12,
        9,
        11,
        11,
        8,
        10,
        9,
        6,
        14,
        9,
        10,
        8,
        4,
        12,
        9,
        8,
        6,
        5,
        10,
        8,
        17,
        9,
        11,
        10,
        8,
        10,
        12,
        7,
        13,
        7,
        3,
        8,
        5,
        7,
        7,
        13,
        5,
        5,
        3,
        7,
        12,
        10,
        13,
        13,
        11,
        8,
        8,
        4,
        4,
        7,
        5,
        12,
        9,
        7,
        1,
        4,
        2,
        2,
        6,
        1,
        2,
        4,
        5,
        2,
        2,
        2,
        2,
        3,
        0,
        2,
        0,
        0,
        2,
        2,
        0,
        1,
        2,
        0,
        2,
        0,
        2,
        0,
        1,
        1,
        1,
        2,
        1,
        1,
        2,
        1,
        0,
        0,
        0,
        0,
        0,
        0,
        0,
        0,
        0,
        0,
        0,
        1,
        0,
        0,
        0,
        0,
        0,
        0,
        0,
        0,
        0,
        0,
        0,
        0,
        0,
        0,
        1
      ]
    }
  ],
  "type" : "RasterInfo"
}