{
  "origin" : {
    "x" : 194121.643224369909,
    "y" : 2662383.45870195189,
    "spatialReference" : {
      "wkid" : 32646,
      "latestWkid" : 32646
    }
  },
  "extent" : {
    "xmin" : 194121.643224369909,
    "ymin" : 2602948.57885792339,
    "xmax" : 270811.810765051865,
    "ymax" : 2662383.45870195189,
    "spatialReference" : {
      "wkid" : 32646,
      "latestWkid" : 32646
    }
  },
  "geodataXform" : {
    "spatialReference" : {
      "wkid" : 32646,
      "latestWkid" : 32646
    },
    "type" : "IdentityXform"
  },
  "LODInfos" : {
    "resolutions" : [
      1917.2541885170485,
      958.62709425852427
    ],
    "levels" : [
      0,
      1
    ],
    "scales" : [
      7246300.5505839549,
      3623150.2752919775
    ],
    "dpi" : 96,
    "type" : "RasterLODInfos"
  },
  "blockWidth" : 256,
  "blockHeight" : 256,
  "bandCount" : 1,
  "pixelType" : 10,
  "pixelSizeX" : 958.62709425852449,
  "pixelSizeY" : 958.62709425852427,
  "format" : "Cache/RAW",
  "compressionType" : "",
  "firstPyramidLevel" : 1,
  "maximumPyramidLevel" : 0,
  "packetSize" : 12,
  "compressionQuality" : 0,
  "pyramidResamplingType" : 0,
  "properties" : {
    "KIND" : "IMAGE",
    "BAND_COUNT" : "1",
    "HAS_TABLE" : "0",
    "HAS_XFORM" : "0",
    "BSQ" : "0",
    "BandProperties" : [
      {
        "NoData" : "0",
        "BandName" : "tropospheric_NO2_column_number_density",
        "type" : "PropertySet"
      }
    ],
    "DataType" : "Generic",
    "type" : "PropertySet"
  },
  "statistics" : [
    {
      "min" : 2.2994488888785063e-05,
      "max" : 0.00013579689431819387,
      "mean" : 6.1301343184125908e-05,
      "standardDeviation" : 2.5094028709280827e-05,
      "sum" : 0.14651021021006091,
      "median" : 6.1037653072820979e-05,
      "mode" : 3.0072286876512674e-05,
      "skipX" : 1,
      "skipY" : 1,
      "count" : 2390,
      "covariances" : "0.000000"
    }
  ],
  "histograms" : [
    {
      "size" : 256,
      "min" : 2.2994488888785063e-05,
      "max" : 0.00013579689431819387,
      "counts" : [
        7,
        12,
        17,
        33,
        25,
        20,
        22,
        21,
        17,
        23,
        20,
        25,
        29,
        26,
        30,
        29,
        45,
        13,
        8,
        7,
        4,
        8,
        12,
        8,
        7,
        11,
        8,
        15,
        13,
        14,
        19,
        22,
        20,
        9,
        19,
        18,
        19,
        11,
        13,
        14,
        11,
        12,
        15,
        11,
        10,
        7,
        18,
        20,
        19,
        0,
        3,
        16,
        9,
        10,
        8,
        3,
        6,
        4,
        7,
        8,
        12,
        6,
        10,
        8,
        15,
        5,
        7,
        10,
        11,
        13,
        4,
        7,
        10,
        16,
        11,
        20,
        12,
        16,
        13,
        18,
        9,
        16,
        13,
        16,
        14,
        12,
        12,
        22,
        11,
        11,
        10,
        17,
        18,
        12,
        13,
        12,
        9,
        6,
        14,
        7,
        9,
        5,
        8,
        8,
        11,
        7,
        11,
        11,
        6,
        16,
        12,
        7,
        13,
        15,
        12,
        11,
        12,
        7,
        10,
        18,
        16,
        15,
        18,
        10,
        18,
        12,
        23,
        15,
        10,
        13,
        17,
        16,
        19,
        23,
        12,
        17,
        16,
        14,
        30,
        19,
        13,
        15,
        7,
        17,
        12,
        11,
        7,
        16,
        15,
        14,
        8,
        12,
        8,
        9,
        7,
        9,
        16,
        15,
        9,
        23,
        12,
        11,
        9,
        10,
        16,
        7,
        5,
        11,
        3,
        11,
        7,
        8,
        4,
        4,
        6,
        8,
        5,
        3,
        6,
        6,
        3,
        3,
        2,
        4,
        5,
        2,
        1,
        2,
        2,
        1,
        2,
        1,
        0,
        0,
        3,
        2,
        2,
        4,
        3,
        3,
        2,
        4,
        2,
        2,
        1,
        4,
        0,
        0,
        1,
        0,
        0,
        0,
        0,
        0,
        2,
        2,
        1,
        2,
        0,
        0,
        0,
        0,
        2,
        0,
        2,
        0,
        1,
        0,
        0,
        0,
        0,
        0,
        0,
        1,
        2,
        1,
        1,
        1,
        0,
        0,
        0,
        0,
        0,
        0,
        0,
        1,
        0,
        0,
        0,
        1,
        0,
        0,
        1,
        2,
        0,
        1
      ]
    }
  ],
  "type" : "RasterInfo"
}