{
  "origin" : {
    "x" : 194121.643224369909,
    "y" : 2662383.45870195189,
    "spatialReference" : {
      "wkid" : 32646,
      "latestWkid" : 32646
    }
  },
  "extent" : {
    "xmin" : 194121.643224369909,
    "ymin" : 2602948.57885792339,
    "xmax" : 270811.810765051865,
    "ymax" : 2662383.45870195189,
    "spatialReference" : {
      "wkid" : 32646,
      "latestWkid" : 32646
    }
  },
  "geodataXform" : {
    "spatialReference" : {
      "wkid" : 32646,
      "latestWkid" : 32646
    },
    "type" : "IdentityXform"
  },
  "LODInfos" : {
    "resolutions" : [
      1917.2541885170485,
      958.62709425852427
    ],
    "levels" : [
      0,
      1
    ],
    "scales" : [
      7246300.5505839549,
      3623150.2752919775
    ],
    "dpi" : 96,
    "type" : "RasterLODInfos"
  },
  "blockWidth" : 256,
  "blockHeight" : 256,
  "bandCount" : 1,
  "pixelType" : 10,
  "pixelSizeX" : 958.62709425852449,
  "pixelSizeY" : 958.62709425852427,
  "format" : "Cache/RAW",
  "compressionType" : "",
  "firstPyramidLevel" : 1,
  "maximumPyramidLevel" : 0,
  "packetSize" : 12,
  "compressionQuality" : 0,
  "pyramidResamplingType" : 0,
  "properties" : {
    "KIND" : "IMAGE",
    "BAND_COUNT" : "1",
    "HAS_TABLE" : "0",
    "HAS_XFORM" : "0",
    "BSQ" : "0",
    "BandProperties" : [
      {
        "NoData" : "0",
        "BandName" : "tropospheric_NO2_column_number_density",
        "type" : "PropertySet"
      }
    ],
    "DataType" : "Generic",
    "type" : "PropertySet"
  },
  "statistics" : [
    {
      "min" : 2.9095177941886877e-05,
      "max" : 0.00015088361003678895,
      "mean" : 6.4280454937621254e-05,
      "standardDeviation" : 2.2216977615332907e-05,
      "sum" : 0.1536302873009148,
      "median" : 6.6825711806582031e-05,
      "mode" : 3.5303999970254432e-05,
      "skipX" : 1,
      "skipY" : 1,
      "count" : 2390,
      "covariances" : "0.000000"
    }
  ],
  "histograms" : [
    {
      "size" : 256,
      "min" : 2.9095177941886877e-05,
      "max" : 0.00015088361003678895,
      "counts" : [
        9,
        17,
        11,
        8,
        9,
        13,
        13,
        8,
        14,
        10,
        24,
        24,
        28,
        47,
        43,
        25,
        25,
        23,
        30,
        22,
        31,
        31,
        32,
        36,
        30,
        19,
        27,
        14,
        10,
        14,
        7,
        17,
        11,
        13,
        12,
        8,
        12,
        10,
        18,
        13,
        14,
        12,
        14,
        6,
        8,
        10,
        17,
        14,
        14,
        11,
        14,
        11,
        7,
        9,
        6,
        5,
        7,
        8,
        7,
        6,
        6,
        10,
        7,
        4,
        12,
        6,
        10,
        6,
        17,
        17,
        9,
        15,
        15,
        8,
        7,
        16,
        20,
        17,
        23,
        14,
        16,
        19,
        15,
        23,
        22,
        16,
        21,
        15,
        22,
        29,
        18,
        29,
        22,
        18,
        19,
        20,
        22,
        18,
        31,
        15,
        16,
        22,
        18,
        22,
        19,
        26,
        29,
        26,
        32,
        29,
        21,
        30,
        16,
        29,
        27,
        19,
        23,
        15,
        15,
        14,
        8,
        15,
        9,
        13,
        13,
        7,
        4,
        6,
        9,
        4,
        6,
        9,
        6,
        12,
        10,
        8,
        4,
        10,
        9,
        3,
        4,
        6,
        8,
        2,
        3,
        6,
        5,
        1,
        3,
        0,
        3,
        5,
        3,
        2,
        7,
        4,
        3,
        5,
        6,
        4,
        1,
        5,
        0,
        7,
        3,
        6,
        4,
        4,
        1,
        2,
        0,
        2,
        2,
        2,
        4,
        0,
        1,
        0,
        1,
        0,
        4,
        0,
        0,
        1,
        1,
        0,
        0,
        0,
        0,
        2,
        0,
        1,
        1,
        2,
        2,
        2,
        0,
        3,
        0,
        2,
        0,
        0,
        0,
        1,
        0,
        0,
        0,
        0,
        0,
        1,
        0,
        0,
        1,
        0,
        2,
        1,
        1,
        0,
        0,
        0,
        0,
        0,
        0,
        0,
        0,
        0,
        1,
        0,
        0,
        0,
        0,
        2,
        0,
        0,
        1,
        0,
        0,
        1,
        1,
        0,
        0,
        0,
        0,
        0,
        0,
        0,
        0,
        0,
        0,
        0,
        0,
        0,
        0,
        0,
        0,
        1
      ]
    }
  ],
  "type" : "RasterInfo"
}