{
  "origin" : {
    "x" : 194121.643224369909,
    "y" : 2662383.45870195189,
    "spatialReference" : {
      "wkid" : 32646,
      "latestWkid" : 32646
    }
  },
  "extent" : {
    "xmin" : 194121.643224369909,
    "ymin" : 2602948.57885792339,
    "xmax" : 270811.810765051865,
    "ymax" : 2662383.45870195189,
    "spatialReference" : {
      "wkid" : 32646,
      "latestWkid" : 32646
    }
  },
  "geodataXform" : {
    "spatialReference" : {
      "wkid" : 32646,
      "latestWkid" : 32646
    },
    "type" : "IdentityXform"
  },
  "LODInfos" : {
    "resolutions" : [
      1917.2541885170485,
      958.62709425852427
    ],
    "levels" : [
      0,
      1
    ],
    "scales" : [
      7246300.5505839549,
      3623150.2752919775
    ],
    "dpi" : 96,
    "type" : "RasterLODInfos"
  },
  "blockWidth" : 256,
  "blockHeight" : 256,
  "bandCount" : 1,
  "pixelType" : 10,
  "pixelSizeX" : 958.62709425852449,
  "pixelSizeY" : 958.62709425852427,
  "format" : "Cache/RAW",
  "compressionType" : "",
  "firstPyramidLevel" : 1,
  "maximumPyramidLevel" : 0,
  "packetSize" : 12,
  "compressionQuality" : 0,
  "pyramidResamplingType" : 0,
  "properties" : {
    "KIND" : "IMAGE",
    "BAND_COUNT" : "1",
    "HAS_TABLE" : "0",
    "HAS_XFORM" : "0",
    "BSQ" : "0",
    "BandProperties" : [
      {
        "NoData" : "0",
        "BandName" : "tropospheric_NO2_column_number_density",
        "type" : "PropertySet"
      }
    ],
    "DataType" : "Generic",
    "type" : "PropertySet"
  },
  "statistics" : [
    {
      "min" : 5.9788646123748259e-05,
      "max" : 0.00040442227144071987,
      "mean" : 0.00022509953356389354,
      "standardDeviation" : 0.00010150135805836801,
      "sum" : 0.53798788521770557,
      "median" : 0.0002435932462927998,
      "mode" : 8.5467229970895165e-05,
      "skipX" : 1,
      "skipY" : 1,
      "count" : 2390,
      "covariances" : "0.000000"
    }
  ],
  "histograms" : [
    {
      "size" : 256,
      "min" : 5.9788646123748259e-05,
      "max" : 0.00040442227144071987,
      "counts" : [
        3,
        3,
        10,
        10,
        22,
        25,
        15,
        14,
        12,
        17,
        17,
        15,
        22,
        15,
        12,
        8,
        8,
        7,
        9,
        29,
        25,
        27,
        24,
        28,
        14,
        13,
        19,
        14,
        14,
        14,
        11,
        11,
        14,
        18,
        15,
        14,
        12,
        9,
        7,
        5,
        9,
        13,
        7,
        21,
        8,
        6,
        13,
        11,
        7,
        4,
        9,
        6,
        11,
        4,
        5,
        3,
        5,
        3,
        2,
        2,
        3,
        5,
        4,
        7,
        2,
        3,
        4,
        6,
        4,
        2,
        0,
        5,
        2,
        4,
        8,
        5,
        5,
        2,
        3,
        4,
        9,
        1,
        4,
        5,
        4,
        7,
        2,
        8,
        5,
        7,
        4,
        5,
        4,
        4,
        4,
        5,
        4,
        6,
        5,
        4,
        5,
        2,
        3,
        8,
        5,
        8,
        10,
        10,
        4,
        6,
        6,
        6,
        1,
        2,
        12,
        10,
        5,
        6,
        9,
        9,
        8,
        9,
        11,
        7,
        7,
        6,
        11,
        12,
        15,
        8,
        9,
        8,
        11,
        13,
        10,
        11,
        12,
        7,
        13,
        9,
        14,
        10,
        10,
        9,
        14,
        12,
        16,
        10,
        7,
        17,
        11,
        9,
        11,
        13,
        10,
        18,
        12,
        4,
        9,
        11,
        8,
        9,
        9,
        14,
        13,
        11,
        15,
        7,
        14,
        18,
        6,
        11,
        24,
        10,
        15,
        5,
        10,
        10,
        8,
        14,
        10,
        12,
        16,
        17,
        10,
        8,
        10,
        11,
        13,
        10,
        14,
        11,
        14,
        16,
        6,
        12,
        9,
        10,
        10,
        9,
        19,
        12,
        17,
        11,
        16,
        17,
        15,
        13,
        8,
        21,
        18,
        16,
        19,
        15,
        7,
        16,
        21,
        17,
        15,
        7,
        11,
        12,
        14,
        10,
        11,
        13,
        6,
        10,
        10,
        9,
        8,
        6,
        6,
        9,
        4,
        4,
        2,
        2,
        0,
        0,
        2,
        1,
        3,
        0,
        2,
        1,
        4,
        0,
        3,
        1,
        3,
        2,
        0,
        1,
        4,
        1
      ]
    }
  ],
  "type" : "RasterInfo"
}