{
  "origin" : {
    "x" : 194121.643224369909,
    "y" : 2662383.45870195189,
    "spatialReference" : {
      "wkid" : 32646,
      "latestWkid" : 32646
    }
  },
  "extent" : {
    "xmin" : 194121.643224369909,
    "ymin" : 2602948.57885792339,
    "xmax" : 270811.810765051865,
    "ymax" : 2662383.45870195189,
    "spatialReference" : {
      "wkid" : 32646,
      "latestWkid" : 32646
    }
  },
  "geodataXform" : {
    "spatialReference" : {
      "wkid" : 32646,
      "latestWkid" : 32646
    },
    "type" : "IdentityXform"
  },
  "LODInfos" : {
    "resolutions" : [
      1917.2541885170485,
      958.62709425852427
    ],
    "levels" : [
      0,
      1
    ],
    "scales" : [
      7246300.5505839549,
      3623150.2752919775
    ],
    "dpi" : 96,
    "type" : "RasterLODInfos"
  },
  "blockWidth" : 256,
  "blockHeight" : 256,
  "bandCount" : 1,
  "pixelType" : 10,
  "pixelSizeX" : 958.62709425852449,
  "pixelSizeY" : 958.62709425852427,
  "format" : "Cache/RAW",
  "compressionType" : "",
  "firstPyramidLevel" : 1,
  "maximumPyramidLevel" : 0,
  "packetSize" : 12,
  "compressionQuality" : 0,
  "pyramidResamplingType" : 0,
  "properties" : {
    "KIND" : "IMAGE",
    "BAND_COUNT" : "1",
    "HAS_TABLE" : "0",
    "HAS_XFORM" : "0",
    "BSQ" : "0",
    "BandProperties" : [
      {
        "NoData" : "0",
        "BandName" : "tropospheric_NO2_column_number_density",
        "type" : "PropertySet"
      }
    ],
    "DataType" : "Generic",
    "type" : "PropertySet"
  },
  "statistics" : [
    {
      "min" : 1.8930545685999015e-05,
      "max" : 0.00010179149899323703,
      "mean" : 4.492065131923422e-05,
      "standardDeviation" : 1.6170945454107476e-05,
      "sum" : 0.10736035665296978,
      "median" : 4.135174481619283e-05,
      "mode" : 4.1026799901262492e-05,
      "skipX" : 1,
      "skipY" : 1,
      "count" : 2390,
      "covariances" : "0.000000"
    }
  ],
  "histograms" : [
    {
      "size" : 256,
      "min" : 1.8930545685999015e-05,
      "max" : 0.00010179149899323703,
      "counts" : [
        1,
        0,
        1,
        0,
        0,
        0,
        1,
        2,
        5,
        2,
        5,
        6,
        4,
        7,
        13,
        17,
        16,
        31,
        24,
        25,
        29,
        26,
        23,
        20,
        20,
        27,
        27,
        31,
        32,
        26,
        28,
        27,
        20,
        30,
        22,
        21,
        17,
        13,
        19,
        11,
        23,
        22,
        21,
        17,
        11,
        18,
        31,
        20,
        19,
        17,
        15,
        18,
        17,
        18,
        14,
        21,
        24,
        16,
        18,
        11,
        18,
        19,
        21,
        17,
        18,
        19,
        16,
        25,
        40,
        15,
        22,
        16,
        16,
        22,
        8,
        12,
        16,
        14,
        11,
        18,
        11,
        25,
        16,
        8,
        15,
        10,
        13,
        13,
        12,
        15,
        18,
        19,
        17,
        6,
        10,
        10,
        6,
        20,
        12,
        10,
        3,
        11,
        10,
        16,
        12,
        18,
        10,
        19,
        10,
        14,
        15,
        14,
        12,
        17,
        5,
        14,
        16,
        2,
        4,
        7,
        5,
        9,
        12,
        10,
        11,
        2,
        8,
        6,
        7,
        3,
        8,
        15,
        11,
        4,
        8,
        12,
        13,
        8,
        5,
        12,
        9,
        15,
        7,
        7,
        14,
        13,
        14,
        13,
        9,
        11,
        10,
        8,
        5,
        6,
        16,
        5,
        12,
        8,
        7,
        8,
        5,
        5,
        4,
        6,
        5,
        6,
        4,
        2,
        2,
        1,
        5,
        5,
        6,
        12,
        5,
        6,
        6,
        4,
        1,
        6,
        4,
        1,
        2,
        3,
        2,
        0,
        1,
        0,
        1,
        0,
        3,
        2,
        2,
        2,
        1,
        3,
        3,
        0,
        1,
        1,
        1,
        1,
        2,
        0,
        0,
        0,
        0,
        3,
        1,
        2,
        1,
        0,
        0,
        1,
        0,
        0,
        1,
        0,
        3,
        2,
        1,
        0,
        2,
        0,
        1,
        0,
        0,
        0,
        0,
        0,
        0,
        0,
        0,
        1,
        2,
        0,
        0,
        0,
        1,
        2,
        0,
        0,
        1,
        0,
        1,
        1,
        0,
        0,
        0,
        0,
        0,
        0,
        0,
        1,
        1,
        5
      ]
    }
  ],
  "type" : "RasterInfo"
}