{
  "origin" : {
    "x" : 194121.643224369909,
    "y" : 2662383.45870195189,
    "spatialReference" : {
      "wkid" : 32646,
      "latestWkid" : 32646
    }
  },
  "extent" : {
    "xmin" : 194121.643224369909,
    "ymin" : 2602948.57885792339,
    "xmax" : 270811.810765051865,
    "ymax" : 2662383.45870195189,
    "spatialReference" : {
      "wkid" : 32646,
      "latestWkid" : 32646
    }
  },
  "geodataXform" : {
    "spatialReference" : {
      "wkid" : 32646,
      "latestWkid" : 32646
    },
    "type" : "IdentityXform"
  },
  "LODInfos" : {
    "resolutions" : [
      1917.2541885170485,
      958.62709425852427
    ],
    "levels" : [
      0,
      1
    ],
    "scales" : [
      7246300.5505839549,
      3623150.2752919775
    ],
    "dpi" : 96,
    "type" : "RasterLODInfos"
  },
  "blockWidth" : 256,
  "blockHeight" : 256,
  "bandCount" : 1,
  "pixelType" : 10,
  "pixelSizeX" : 958.62709425852449,
  "pixelSizeY" : 958.62709425852427,
  "format" : "Cache/RAW",
  "compressionType" : "",
  "firstPyramidLevel" : 1,
  "maximumPyramidLevel" : 0,
  "packetSize" : 12,
  "compressionQuality" : 0,
  "pyramidResamplingType" : 0,
  "properties" : {
    "KIND" : "IMAGE",
    "BAND_COUNT" : "1",
    "HAS_TABLE" : "0",
    "HAS_XFORM" : "0",
    "BSQ" : "0",
    "BandProperties" : [
      {
        "NoData" : "0",
        "BandName" : "tropospheric_NO2_column_number_density",
        "type" : "PropertySet"
      }
    ],
    "DataType" : "Generic",
    "type" : "PropertySet"
  },
  "statistics" : [
    {
      "min" : 4.6748172393718929e-05,
      "max" : 0.00023502253043593561,
      "mean" : 0.00011499374619397835,
      "standardDeviation" : 4.3222327844611919e-05,
      "sum" : 0.27483505340360825,
      "median" : 0.00010655296847771718,
      "mode" : 8.51413748180141e-05,
      "skipX" : 1,
      "skipY" : 1,
      "count" : 2390,
      "covariances" : "0.000000"
    }
  ],
  "histograms" : [
    {
      "size" : 256,
      "min" : 4.6748172393718929e-05,
      "max" : 0.00023502253043593561,
      "counts" : [
        4,
        2,
        2,
        5,
        8,
        2,
        4,
        4,
        5,
        6,
        12,
        13,
        9,
        8,
        16,
        9,
        21,
        22,
        18,
        17,
        19,
        16,
        19,
        14,
        25,
        20,
        10,
        18,
        17,
        15,
        15,
        18,
        21,
        29,
        21,
        26,
        25,
        17,
        23,
        24,
        17,
        15,
        17,
        15,
        18,
        23,
        14,
        22,
        13,
        18,
        17,
        20,
        31,
        14,
        15,
        22,
        20,
        18,
        23,
        15,
        10,
        13,
        9,
        11,
        16,
        12,
        13,
        9,
        9,
        11,
        7,
        8,
        9,
        9,
        10,
        15,
        12,
        15,
        12,
        15,
        11,
        14,
        13,
        12,
        9,
        11,
        10,
        2,
        5,
        10,
        11,
        7,
        11,
        12,
        10,
        11,
        15,
        10,
        11,
        12,
        7,
        8,
        10,
        7,
        6,
        9,
        15,
        9,
        9,
        16,
        11,
        9,
        15,
        10,
        13,
        10,
        11,
        7,
        21,
        5,
        8,
        5,
        11,
        11,
        17,
        11,
        22,
        10,
        10,
        13,
        9,
        9,
        14,
        15,
        15,
        8,
        10,
        9,
        10,
        11,
        10,
        10,
        12,
        15,
        8,
        7,
        9,
        9,
        4,
        16,
        9,
        11,
        18,
        13,
        11,
        11,
        11,
        8,
        12,
        4,
        11,
        8,
        14,
        7,
        6,
        6,
        2,
        4,
        5,
        4,
        12,
        8,
        15,
        14,
        5,
        7,
        6,
        5,
        5,
        7,
        7,
        7,
        7,
        6,
        3,
        4,
        7,
        5,
        4,
        6,
        5,
        6,
        1,
        3,
        2,
        8,
        4,
        3,
        4,
        5,
        5,
        14,
        4,
        4,
        3,
        3,
        6,
        9,
        3,
        8,
        3,
        3,
        2,
        2,
        4,
        6,
        0,
        3,
        4,
        4,
        3,
        1,
        4,
        1,
        1,
        0,
        3,
        0,
        0,
        0,
        2,
        0,
        2,
        1,
        1,
        0,
        0,
        3,
        0,
        2,
        2,
        0,
        2,
        0,
        0,
        1,
        0,
        0,
        0,
        0,
        0,
        0,
        0,
        0,
        0,
        1
      ]
    }
  ],
  "type" : "RasterInfo"
}