{
  "origin" : {
    "x" : 194121.643224369909,
    "y" : 2662383.45870195189,
    "spatialReference" : {
      "wkid" : 32646,
      "latestWkid" : 32646
    }
  },
  "extent" : {
    "xmin" : 194121.643224369909,
    "ymin" : 2602948.57885792339,
    "xmax" : 270811.810765051865,
    "ymax" : 2662383.45870195189,
    "spatialReference" : {
      "wkid" : 32646,
      "latestWkid" : 32646
    }
  },
  "geodataXform" : {
    "spatialReference" : {
      "wkid" : 32646,
      "latestWkid" : 32646
    },
    "type" : "IdentityXform"
  },
  "LODInfos" : {
    "resolutions" : [
      1917.2541885170485,
      958.62709425852427
    ],
    "levels" : [
      0,
      1
    ],
    "scales" : [
      7246300.5505839549,
      3623150.2752919775
    ],
    "dpi" : 96,
    "type" : "RasterLODInfos"
  },
  "blockWidth" : 256,
  "blockHeight" : 256,
  "bandCount" : 1,
  "pixelType" : 10,
  "pixelSizeX" : 958.62709425852449,
  "pixelSizeY" : 958.62709425852427,
  "format" : "Cache/RAW",
  "compressionType" : "",
  "firstPyramidLevel" : 1,
  "maximumPyramidLevel" : 0,
  "packetSize" : 12,
  "compressionQuality" : 0,
  "pyramidResamplingType" : 0,
  "properties" : {
    "KIND" : "IMAGE",
    "BAND_COUNT" : "1",
    "HAS_TABLE" : "0",
    "HAS_XFORM" : "0",
    "BSQ" : "0",
    "BandProperties" : [
      {
        "NoData" : "0",
        "BandName" : "tropospheric_NO2_column_number_density",
        "type" : "PropertySet"
      }
    ],
    "DataType" : "Generic",
    "type" : "PropertySet"
  },
  "statistics" : [
    {
      "min" : 4.3509914930743634e-05,
      "max" : 0.00027642076035685857,
      "mean" : 0.00013436451350270031,
      "standardDeviation" : 6.3828113204811993e-05,
      "sum" : 0.32113118727145373,
      "median" : 0.00013302074964352504,
      "mode" : 4.6250042523992045e-05,
      "skipX" : 1,
      "skipY" : 1,
      "count" : 2390,
      "covariances" : "0.000000"
    }
  ],
  "histograms" : [
    {
      "size" : 256,
      "min" : 4.3509914930743634e-05,
      "max" : 0.00027642076035685857,
      "counts" : [
        6,
        14,
        35,
        53,
        18,
        20,
        22,
        18,
        11,
        28,
        19,
        34,
        26,
        16,
        14,
        18,
        26,
        26,
        11,
        7,
        10,
        16,
        6,
        17,
        15,
        30,
        29,
        24,
        12,
        20,
        7,
        18,
        8,
        7,
        8,
        7,
        8,
        16,
        14,
        14,
        14,
        25,
        4,
        10,
        9,
        13,
        10,
        13,
        8,
        19,
        12,
        11,
        15,
        13,
        5,
        13,
        14,
        9,
        12,
        8,
        12,
        10,
        8,
        4,
        12,
        11,
        10,
        11,
        8,
        8,
        8,
        6,
        6,
        5,
        6,
        3,
        7,
        6,
        6,
        3,
        6,
        7,
        6,
        3,
        5,
        5,
        7,
        6,
        1,
        7,
        5,
        5,
        10,
        2,
        5,
        4,
        6,
        7,
        7,
        9,
        3,
        1,
        2,
        5,
        4,
        4,
        4,
        8,
        9,
        7,
        4,
        5,
        5,
        6,
        6,
        6,
        4,
        6,
        7,
        4,
        6,
        9,
        5,
        9,
        6,
        7,
        9,
        7,
        10,
        6,
        6,
        9,
        12,
        11,
        8,
        4,
        13,
        6,
        14,
        11,
        6,
        13,
        14,
        14,
        8,
        16,
        9,
        12,
        12,
        14,
        16,
        13,
        18,
        14,
        16,
        22,
        29,
        18,
        20,
        27,
        16,
        18,
        40,
        23,
        19,
        17,
        24,
        18,
        12,
        16,
        11,
        18,
        11,
        9,
        7,
        8,
        13,
        11,
        13,
        15,
        6,
        12,
        4,
        9,
        7,
        5,
        9,
        9,
        3,
        6,
        4,
        7,
        7,
        4,
        1,
        8,
        4,
        4,
        3,
        5,
        2,
        1,
        0,
        4,
        2,
        3,
        2,
        5,
        3,
        4,
        7,
        2,
        8,
        6,
        6,
        7,
        2,
        3,
        5,
        4,
        2,
        1,
        4,
        3,
        3,
        4,
        5,
        8,
        9,
        5,
        6,
        8,
        7,
        5,
        1,
        5,
        1,
        2,
        1,
        1,
        2,
        0,
        2,
        1,
        0,
        0,
        2,
        0,
        0,
        0,
        0,
        0,
        1,
        1,
        0,
        1
      ]
    }
  ],
  "type" : "RasterInfo"
}