{
  "origin" : {
    "x" : 194121.643224369909,
    "y" : 2662383.45870195189,
    "spatialReference" : {
      "wkid" : 32646,
      "latestWkid" : 32646
    }
  },
  "extent" : {
    "xmin" : 194121.643224369909,
    "ymin" : 2602948.57885792339,
    "xmax" : 270811.810765051865,
    "ymax" : 2662383.45870195189,
    "spatialReference" : {
      "wkid" : 32646,
      "latestWkid" : 32646
    }
  },
  "geodataXform" : {
    "spatialReference" : {
      "wkid" : 32646,
      "latestWkid" : 32646
    },
    "type" : "IdentityXform"
  },
  "LODInfos" : {
    "resolutions" : [
      1917.2541885170485,
      958.62709425852427
    ],
    "levels" : [
      0,
      1
    ],
    "scales" : [
      7246300.5505839549,
      3623150.2752919775
    ],
    "dpi" : 96,
    "type" : "RasterLODInfos"
  },
  "blockWidth" : 256,
  "blockHeight" : 256,
  "bandCount" : 1,
  "pixelType" : 10,
  "pixelSizeX" : 958.62709425852449,
  "pixelSizeY" : 958.62709425852427,
  "format" : "Cache/RAW",
  "compressionType" : "",
  "firstPyramidLevel" : 1,
  "maximumPyramidLevel" : 0,
  "packetSize" : 12,
  "compressionQuality" : 0,
  "pyramidResamplingType" : 0,
  "properties" : {
    "KIND" : "IMAGE",
    "BAND_COUNT" : "1",
    "HAS_TABLE" : "0",
    "HAS_XFORM" : "0",
    "BSQ" : "0",
    "BandProperties" : [
      {
        "NoData" : "0",
        "BandName" : "tropospheric_NO2_column_number_density",
        "type" : "PropertySet"
      }
    ],
    "DataType" : "Generic",
    "type" : "PropertySet"
  },
  "statistics" : [
    {
      "min" : 2.4338215243348467e-05,
      "max" : 9.9297354164472538e-05,
      "mean" : 5.5923856453827535e-05,
      "standardDeviation" : 1.584395879841199e-05,
      "sum" : 0.13365801692464782,
      "median" : 5.7261444887136292e-05,
      "mode" : 6.4904337483015614e-05,
      "skipX" : 1,
      "skipY" : 1,
      "count" : 2390,
      "covariances" : "0.000000"
    }
  ],
  "histograms" : [
    {
      "size" : 256,
      "min" : 2.4338215243348467e-05,
      "max" : 9.9297354164472538e-05,
      "counts" : [
        2,
        7,
        16,
        8,
        1,
        5,
        4,
        0,
        5,
        5,
        2,
        3,
        2,
        7,
        5,
        2,
        6,
        3,
        4,
        3,
        3,
        6,
        3,
        7,
        5,
        5,
        6,
        2,
        5,
        9,
        15,
        14,
        11,
        12,
        16,
        17,
        19,
        19,
        23,
        22,
        19,
        22,
        15,
        27,
        15,
        18,
        10,
        9,
        27,
        21,
        15,
        17,
        20,
        10,
        17,
        18,
        11,
        9,
        15,
        8,
        10,
        14,
        17,
        8,
        12,
        9,
        10,
        15,
        11,
        9,
        8,
        14,
        15,
        13,
        11,
        9,
        12,
        5,
        13,
        9,
        6,
        9,
        12,
        9,
        9,
        11,
        14,
        9,
        11,
        13,
        3,
        8,
        7,
        11,
        14,
        14,
        7,
        14,
        10,
        7,
        5,
        8,
        8,
        10,
        19,
        11,
        15,
        14,
        9,
        11,
        15,
        11,
        5,
        12,
        11,
        13,
        9,
        9,
        17,
        15,
        8,
        11,
        10,
        14,
        13,
        8,
        9,
        17,
        8,
        9,
        13,
        16,
        18,
        17,
        15,
        14,
        16,
        21,
        36,
        20,
        19,
        17,
        16,
        10,
        22,
        18,
        16,
        9,
        22,
        22,
        22,
        19,
        21,
        8,
        15,
        21,
        20,
        16,
        16,
        22,
        35,
        24,
        13,
        20,
        22,
        19,
        12,
        13,
        16,
        11,
        11,
        9,
        8,
        11,
        10,
        14,
        15,
        10,
        8,
        15,
        6,
        14,
        11,
        9,
        8,
        8,
        3,
        7,
        14,
        5,
        7,
        3,
        5,
        4,
        5,
        6,
        1,
        6,
        1,
        2,
        3,
        1,
        1,
        2,
        1,
        1,
        1,
        2,
        2,
        1,
        0,
        2,
        1,
        1,
        1,
        0,
        0,
        3,
        1,
        0,
        1,
        0,
        1,
        0,
        0,
        2,
        0,
        0,
        1,
        1,
        1,
        0,
        2,
        0,
        2,
        2,
        0,
        1,
        0,
        0,
        0,
        0,
        1,
        0,
        0,
        0,
        0,
        0,
        0,
        1,
        0,
        1,
        1,
        1,
        0,
        1
      ]
    }
  ],
  "type" : "RasterInfo"
}