{
  "origin" : {
    "x" : 194121.643224369909,
    "y" : 2662383.45870195189,
    "spatialReference" : {
      "wkid" : 32646,
      "latestWkid" : 32646
    }
  },
  "extent" : {
    "xmin" : 194121.643224369909,
    "ymin" : 2602948.57885792339,
    "xmax" : 270811.810765051865,
    "ymax" : 2662383.45870195189,
    "spatialReference" : {
      "wkid" : 32646,
      "latestWkid" : 32646
    }
  },
  "geodataXform" : {
    "spatialReference" : {
      "wkid" : 32646,
      "latestWkid" : 32646
    },
    "type" : "IdentityXform"
  },
  "LODInfos" : {
    "resolutions" : [
      1917.2541885170485,
      958.62709425852427
    ],
    "levels" : [
      0,
      1
    ],
    "scales" : [
      7246300.5505839549,
      3623150.2752919775
    ],
    "dpi" : 96,
    "type" : "RasterLODInfos"
  },
  "blockWidth" : 256,
  "blockHeight" : 256,
  "bandCount" : 1,
  "pixelType" : 10,
  "pixelSizeX" : 958.62709425852449,
  "pixelSizeY" : 958.62709425852427,
  "format" : "Cache/RAW",
  "compressionType" : "",
  "firstPyramidLevel" : 1,
  "maximumPyramidLevel" : 0,
  "packetSize" : 12,
  "compressionQuality" : 0,
  "pyramidResamplingType" : 0,
  "properties" : {
    "KIND" : "IMAGE",
    "BAND_COUNT" : "1",
    "HAS_TABLE" : "0",
    "HAS_XFORM" : "0",
    "BSQ" : "0",
    "BandProperties" : [
      {
        "NoData" : "0",
        "BandName" : "tropospheric_NO2_column_number_density",
        "type" : "PropertySet"
      }
    ],
    "DataType" : "Generic",
    "type" : "PropertySet"
  },
  "statistics" : [
    {
      "min" : 2.2105398166762401e-05,
      "max" : 0.00013293922966113315,
      "mean" : 5.3367556764060636e-05,
      "standardDeviation" : 2.1011089059637489e-05,
      "sum" : 0.12754846066610492,
      "median" : 4.9487874183018707e-05,
      "mode" : 4.5576091894982087e-05,
      "skipX" : 1,
      "skipY" : 1,
      "count" : 2390,
      "covariances" : "0.000000"
    }
  ],
  "histograms" : [
    {
      "size" : 256,
      "min" : 2.2105398166762401e-05,
      "max" : 0.00013293922966113315,
      "counts" : [
        5,
        6,
        15,
        17,
        33,
        31,
        24,
        29,
        32,
        25,
        16,
        19,
        25,
        17,
        13,
        4,
        7,
        6,
        4,
        7,
        2,
        3,
        6,
        13,
        28,
        23,
        26,
        22,
        20,
        25,
        16,
        20,
        16,
        10,
        12,
        13,
        18,
        19,
        18,
        16,
        17,
        15,
        25,
        18,
        11,
        20,
        12,
        16,
        28,
        22,
        16,
        32,
        23,
        23,
        35,
        27,
        27,
        27,
        28,
        24,
        20,
        30,
        19,
        24,
        10,
        21,
        19,
        21,
        15,
        26,
        17,
        19,
        19,
        20,
        24,
        30,
        13,
        18,
        16,
        13,
        24,
        16,
        23,
        21,
        15,
        10,
        17,
        12,
        15,
        12,
        12,
        8,
        13,
        9,
        5,
        10,
        13,
        7,
        13,
        22,
        12,
        16,
        14,
        18,
        9,
        14,
        13,
        18,
        19,
        12,
        15,
        15,
        12,
        7,
        9,
        8,
        5,
        3,
        4,
        7,
        7,
        8,
        3,
        8,
        6,
        11,
        9,
        15,
        9,
        9,
        8,
        11,
        9,
        12,
        11,
        8,
        7,
        7,
        10,
        11,
        11,
        7,
        4,
        4,
        8,
        4,
        2,
        5,
        5,
        3,
        0,
        1,
        1,
        4,
        1,
        2,
        0,
        2,
        3,
        3,
        2,
        1,
        5,
        5,
        4,
        3,
        0,
        1,
        1,
        2,
        2,
        4,
        3,
        2,
        2,
        3,
        0,
        4,
        6,
        3,
        4,
        2,
        2,
        0,
        1,
        2,
        2,
        5,
        4,
        1,
        2,
        2,
        1,
        1,
        1,
        3,
        3,
        1,
        0,
        0,
        4,
        0,
        0,
        1,
        2,
        0,
        2,
        2,
        2,
        0,
        1,
        4,
        0,
        2,
        1,
        0,
        1,
        0,
        1,
        0,
        0,
        1,
        1,
        0,
        0,
        0,
        0,
        0,
        0,
        0,
        1,
        1,
        0,
        0,
        1,
        1,
        3,
        2,
        0,
        0,
        0,
        0,
        0,
        0,
        0,
        0,
        0,
        0,
        0,
        0,
        1,
        2,
        1,
        1,
        0,
        4
      ]
    }
  ],
  "type" : "RasterInfo"
}