{
  "origin" : {
    "x" : 194121.643224369909,
    "y" : 2662383.45870195189,
    "spatialReference" : {
      "wkid" : 32646,
      "latestWkid" : 32646
    }
  },
  "extent" : {
    "xmin" : 194121.643224369909,
    "ymin" : 2602948.57885792339,
    "xmax" : 270811.810765051865,
    "ymax" : 2662383.45870195189,
    "spatialReference" : {
      "wkid" : 32646,
      "latestWkid" : 32646
    }
  },
  "geodataXform" : {
    "spatialReference" : {
      "wkid" : 32646,
      "latestWkid" : 32646
    },
    "type" : "IdentityXform"
  },
  "LODInfos" : {
    "resolutions" : [
      1917.2541885170485,
      958.62709425852427
    ],
    "levels" : [
      0,
      1
    ],
    "scales" : [
      7246300.5505839549,
      3623150.2752919775
    ],
    "dpi" : 96,
    "type" : "RasterLODInfos"
  },
  "blockWidth" : 256,
  "blockHeight" : 256,
  "bandCount" : 1,
  "pixelType" : 10,
  "pixelSizeX" : 958.62709425852449,
  "pixelSizeY" : 958.62709425852427,
  "format" : "Cache/RAW",
  "compressionType" : "",
  "firstPyramidLevel" : 1,
  "maximumPyramidLevel" : 0,
  "packetSize" : 12,
  "compressionQuality" : 0,
  "pyramidResamplingType" : 0,
  "properties" : {
    "KIND" : "IMAGE",
    "BAND_COUNT" : "1",
    "HAS_TABLE" : "0",
    "HAS_XFORM" : "0",
    "BSQ" : "0",
    "BandProperties" : [
      {
        "NoData" : "0",
        "BandName" : "tropospheric_NO2_column_number_density",
        "type" : "PropertySet"
      }
    ],
    "DataType" : "Generic",
    "type" : "PropertySet"
  },
  "statistics" : [
    {
      "min" : 7.7341638428067848e-05,
      "max" : 0.00041138166034536216,
      "mean" : 0.00021393639328638698,
      "standardDeviation" : 9.2142601776056354e-05,
      "sum" : 0.51130797995446486,
      "median" : 0.00021750745154630507,
      "mode" : 8.5201403649651247e-05,
      "skipX" : 1,
      "skipY" : 1,
      "count" : 2390,
      "covariances" : "0.000000"
    }
  ],
  "histograms" : [
    {
      "size" : 256,
      "min" : 7.7341638428067848e-05,
      "max" : 0.00041138166034536216,
      "counts" : [
        4,
        4,
        1,
        4,
        8,
        33,
        59,
        55,
        43,
        33,
        51,
        39,
        27,
        30,
        25,
        13,
        13,
        10,
        7,
        7,
        16,
        13,
        8,
        8,
        8,
        8,
        18,
        7,
        8,
        10,
        15,
        12,
        11,
        10,
        14,
        5,
        10,
        5,
        3,
        8,
        7,
        4,
        8,
        1,
        7,
        4,
        7,
        4,
        3,
        4,
        5,
        4,
        7,
        5,
        6,
        3,
        7,
        10,
        5,
        6,
        10,
        7,
        11,
        9,
        9,
        6,
        9,
        10,
        6,
        5,
        7,
        6,
        5,
        6,
        6,
        15,
        5,
        10,
        11,
        9,
        3,
        6,
        11,
        4,
        9,
        8,
        4,
        7,
        12,
        15,
        8,
        8,
        13,
        15,
        6,
        11,
        5,
        9,
        7,
        9,
        14,
        8,
        12,
        17,
        15,
        11,
        11,
        14,
        8,
        7,
        16,
        6,
        16,
        17,
        8,
        21,
        21,
        16,
        13,
        18,
        13,
        16,
        12,
        10,
        13,
        7,
        12,
        14,
        13,
        5,
        11,
        10,
        6,
        11,
        10,
        12,
        2,
        10,
        15,
        10,
        9,
        6,
        7,
        10,
        11,
        6,
        10,
        6,
        6,
        6,
        6,
        11,
        10,
        11,
        12,
        7,
        9,
        4,
        5,
        13,
        7,
        13,
        13,
        14,
        12,
        9,
        10,
        11,
        9,
        7,
        7,
        8,
        6,
        5,
        8,
        16,
        8,
        6,
        6,
        10,
        8,
        7,
        9,
        10,
        9,
        12,
        11,
        8,
        7,
        14,
        14,
        13,
        13,
        13,
        9,
        20,
        11,
        6,
        13,
        13,
        11,
        12,
        18,
        11,
        13,
        11,
        4,
        7,
        4,
        9,
        5,
        7,
        11,
        6,
        4,
        5,
        8,
        5,
        6,
        5,
        8,
        4,
        2,
        1,
        0,
        2,
        3,
        0,
        1,
        5,
        4,
        4,
        1,
        2,
        3,
        1,
        3,
        2,
        2,
        1,
        1,
        1,
        1,
        3,
        3,
        2,
        3,
        1,
        1,
        1,
        0,
        1,
        4,
        2,
        1,
        1
      ]
    }
  ],
  "type" : "RasterInfo"
}