{
  "origin" : {
    "x" : 194121.643224369909,
    "y" : 2662383.45870195189,
    "spatialReference" : {
      "wkid" : 32646,
      "latestWkid" : 32646
    }
  },
  "extent" : {
    "xmin" : 194121.643224369909,
    "ymin" : 2602948.57885792339,
    "xmax" : 270811.810765051865,
    "ymax" : 2662383.45870195189,
    "spatialReference" : {
      "wkid" : 32646,
      "latestWkid" : 32646
    }
  },
  "geodataXform" : {
    "spatialReference" : {
      "wkid" : 32646,
      "latestWkid" : 32646
    },
    "type" : "IdentityXform"
  },
  "LODInfos" : {
    "resolutions" : [
      1917.2541885170485,
      958.62709425852427
    ],
    "levels" : [
      0,
      1
    ],
    "scales" : [
      7246300.5505839549,
      3623150.2752919775
    ],
    "dpi" : 96,
    "type" : "RasterLODInfos"
  },
  "blockWidth" : 256,
  "blockHeight" : 256,
  "bandCount" : 1,
  "pixelType" : 10,
  "pixelSizeX" : 958.62709425852449,
  "pixelSizeY" : 958.62709425852427,
  "format" : "Cache/RAW",
  "compressionType" : "",
  "firstPyramidLevel" : 1,
  "maximumPyramidLevel" : 0,
  "packetSize" : 12,
  "compressionQuality" : 0,
  "pyramidResamplingType" : 0,
  "properties" : {
    "KIND" : "IMAGE",
    "BAND_COUNT" : "1",
    "HAS_TABLE" : "0",
    "HAS_XFORM" : "0",
    "BSQ" : "0",
    "BandProperties" : [
      {
        "NoData" : "0",
        "BandName" : "tropospheric_NO2_column_number_density",
        "type" : "PropertySet"
      }
    ],
    "DataType" : "Generic",
    "type" : "PropertySet"
  },
  "statistics" : [
    {
      "min" : 3.6307936792108468e-05,
      "max" : 0.0002345641094134723,
      "mean" : 0.00010818786706772992,
      "standardDeviation" : 5.7820927628177917e-05,
      "sum" : 0.25856900229187452,
      "median" : 0.00010083837729239553,
      "mode" : 3.864036235235981e-05,
      "skipX" : 1,
      "skipY" : 1,
      "count" : 2390,
      "covariances" : "0.000000"
    }
  ],
  "histograms" : [
    {
      "size" : 256,
      "min" : 3.6307936792108468e-05,
      "max" : 0.0002345641094134723,
      "counts" : [
        19,
        53,
        68,
        90,
        84,
        60,
        36,
        38,
        40,
        24,
        23,
        19,
        22,
        23,
        25,
        11,
        7,
        11,
        12,
        22,
        12,
        9,
        16,
        8,
        7,
        5,
        8,
        6,
        9,
        6,
        5,
        13,
        12,
        10,
        3,
        6,
        9,
        3,
        8,
        5,
        11,
        5,
        10,
        6,
        3,
        5,
        12,
        5,
        12,
        10,
        6,
        6,
        7,
        9,
        5,
        7,
        6,
        5,
        3,
        19,
        8,
        7,
        13,
        4,
        12,
        7,
        5,
        7,
        6,
        7,
        8,
        10,
        10,
        7,
        11,
        7,
        6,
        9,
        12,
        10,
        7,
        12,
        7,
        5,
        6,
        9,
        5,
        7,
        5,
        10,
        8,
        4,
        13,
        7,
        10,
        5,
        14,
        11,
        9,
        7,
        5,
        8,
        4,
        6,
        7,
        7,
        11,
        4,
        6,
        6,
        7,
        5,
        5,
        6,
        3,
        8,
        4,
        2,
        5,
        10,
        4,
        3,
        5,
        1,
        7,
        4,
        8,
        4,
        3,
        10,
        9,
        5,
        7,
        7,
        8,
        14,
        17,
        14,
        9,
        6,
        5,
        13,
        13,
        11,
        10,
        7,
        2,
        9,
        10,
        5,
        6,
        5,
        7,
        10,
        9,
        15,
        13,
        11,
        9,
        8,
        8,
        2,
        10,
        6,
        11,
        10,
        9,
        11,
        9,
        4,
        10,
        10,
        15,
        24,
        20,
        30,
        21,
        11,
        16,
        16,
        19,
        11,
        17,
        12,
        13,
        15,
        8,
        10,
        14,
        13,
        13,
        12,
        12,
        12,
        3,
        7,
        1,
        2,
        8,
        5,
        3,
        3,
        1,
        4,
        4,
        7,
        6,
        5,
        4,
        3,
        5,
        4,
        6,
        1,
        6,
        3,
        4,
        2,
        2,
        7,
        1,
        4,
        3,
        3,
        5,
        2,
        6,
        1,
        4,
        1,
        1,
        6,
        1,
        3,
        1,
        4,
        3,
        1,
        0,
        0,
        2,
        3,
        1,
        5,
        3,
        1,
        2,
        4,
        2,
        0,
        3,
        0,
        2,
        0,
        3,
        1
      ]
    }
  ],
  "type" : "RasterInfo"
}