{
  "origin" : {
    "x" : 194121.643224369909,
    "y" : 2662383.45870195189,
    "spatialReference" : {
      "wkid" : 32646,
      "latestWkid" : 32646
    }
  },
  "extent" : {
    "xmin" : 194121.643224369909,
    "ymin" : 2602948.57885792339,
    "xmax" : 270811.810765051865,
    "ymax" : 2662383.45870195189,
    "spatialReference" : {
      "wkid" : 32646,
      "latestWkid" : 32646
    }
  },
  "geodataXform" : {
    "spatialReference" : {
      "wkid" : 32646,
      "latestWkid" : 32646
    },
    "type" : "IdentityXform"
  },
  "LODInfos" : {
    "resolutions" : [
      1917.2541885170485,
      958.62709425852427
    ],
    "levels" : [
      0,
      1
    ],
    "scales" : [
      7246300.5505839549,
      3623150.2752919775
    ],
    "dpi" : 96,
    "type" : "RasterLODInfos"
  },
  "blockWidth" : 256,
  "blockHeight" : 256,
  "bandCount" : 1,
  "pixelType" : 10,
  "pixelSizeX" : 958.62709425852449,
  "pixelSizeY" : 958.62709425852427,
  "format" : "Cache/RAW",
  "compressionType" : "",
  "firstPyramidLevel" : 1,
  "maximumPyramidLevel" : 0,
  "packetSize" : 12,
  "compressionQuality" : 0,
  "pyramidResamplingType" : 0,
  "properties" : {
    "KIND" : "IMAGE",
    "BAND_COUNT" : "1",
    "HAS_TABLE" : "0",
    "HAS_XFORM" : "0",
    "BSQ" : "0",
    "BandProperties" : [
      {
        "NoData" : "0",
        "BandName" : "tropospheric_NO2_column_number_density",
        "type" : "PropertySet"
      }
    ],
    "DataType" : "Generic",
    "type" : "PropertySet"
  },
  "statistics" : [
    {
      "min" : 5.7072308565132943e-05,
      "max" : 0.00040730279638080138,
      "mean" : 0.00020891426582418676,
      "standardDeviation" : 9.1073368757546742e-05,
      "sum" : 0.49930509531980638,
      "median" : 0.00021639284419892719,
      "mode" : 0.00027819822440169222,
      "skipX" : 1,
      "skipY" : 1,
      "count" : 2390,
      "covariances" : "0.000000"
    }
  ],
  "histograms" : [
    {
      "size" : 256,
      "min" : 5.7072308565132943e-05,
      "max" : 0.00040730279638080138,
      "counts" : [
        5,
        4,
        30,
        15,
        10,
        11,
        5,
        7,
        8,
        6,
        8,
        15,
        12,
        8,
        21,
        20,
        25,
        28,
        22,
        16,
        18,
        20,
        27,
        19,
        17,
        18,
        14,
        12,
        12,
        15,
        15,
        13,
        4,
        12,
        12,
        9,
        6,
        5,
        8,
        7,
        6,
        9,
        7,
        5,
        8,
        7,
        2,
        8,
        5,
        3,
        9,
        6,
        9,
        6,
        6,
        11,
        7,
        8,
        9,
        10,
        9,
        9,
        9,
        10,
        9,
        8,
        7,
        6,
        7,
        6,
        3,
        4,
        6,
        13,
        1,
        5,
        11,
        7,
        8,
        11,
        3,
        7,
        11,
        4,
        7,
        9,
        16,
        19,
        9,
        12,
        8,
        10,
        16,
        13,
        11,
        10,
        8,
        16,
        13,
        7,
        10,
        16,
        11,
        8,
        8,
        11,
        7,
        9,
        11,
        8,
        4,
        7,
        11,
        12,
        9,
        4,
        12,
        11,
        11,
        6,
        10,
        16,
        10,
        9,
        7,
        15,
        9,
        7,
        9,
        17,
        17,
        9,
        21,
        13,
        12,
        10,
        14,
        9,
        8,
        6,
        10,
        15,
        10,
        16,
        9,
        15,
        14,
        15,
        19,
        9,
        11,
        13,
        21,
        9,
        12,
        13,
        20,
        7,
        23,
        19,
        20,
        34,
        13,
        12,
        16,
        13,
        12,
        18,
        9,
        13,
        12,
        21,
        16,
        18,
        12,
        16,
        16,
        10,
        15,
        17,
        10,
        9,
        19,
        11,
        7,
        8,
        9,
        9,
        4,
        9,
        9,
        8,
        4,
        3,
        6,
        2,
        3,
        9,
        6,
        4,
        6,
        6,
        6,
        6,
        7,
        3,
        3,
        1,
        5,
        5,
        5,
        1,
        3,
        2,
        4,
        4,
        4,
        4,
        1,
        5,
        6,
        3,
        5,
        2,
        3,
        3,
        1,
        3,
        5,
        3,
        4,
        7,
        7,
        4,
        2,
        3,
        6,
        4,
        4,
        5,
        6,
        0,
        6,
        5,
        6,
        4,
        0,
        1,
        1,
        0,
        0,
        0,
        2,
        1,
        2,
        1
      ]
    }
  ],
  "type" : "RasterInfo"
}