{
  "origin" : {
    "x" : 194121.643224369909,
    "y" : 2662383.45870195189,
    "spatialReference" : {
      "wkid" : 32646,
      "latestWkid" : 32646
    }
  },
  "extent" : {
    "xmin" : 194121.643224369909,
    "ymin" : 2602948.57885792339,
    "xmax" : 270811.810765051865,
    "ymax" : 2662383.45870195189,
    "spatialReference" : {
      "wkid" : 32646,
      "latestWkid" : 32646
    }
  },
  "geodataXform" : {
    "spatialReference" : {
      "wkid" : 32646,
      "latestWkid" : 32646
    },
    "type" : "IdentityXform"
  },
  "LODInfos" : {
    "resolutions" : [
      1917.2541885170485,
      958.62709425852427
    ],
    "levels" : [
      0,
      1
    ],
    "scales" : [
      7246300.5505839549,
      3623150.2752919775
    ],
    "dpi" : 96,
    "type" : "RasterLODInfos"
  },
  "blockWidth" : 256,
  "blockHeight" : 256,
  "bandCount" : 1,
  "pixelType" : 10,
  "pixelSizeX" : 958.62709425852449,
  "pixelSizeY" : 958.62709425852427,
  "format" : "Cache/RAW",
  "compressionType" : "",
  "firstPyramidLevel" : 1,
  "maximumPyramidLevel" : 0,
  "packetSize" : 12,
  "compressionQuality" : 0,
  "pyramidResamplingType" : 0,
  "properties" : {
    "KIND" : "IMAGE",
    "BAND_COUNT" : "1",
    "HAS_TABLE" : "0",
    "HAS_XFORM" : "0",
    "BSQ" : "0",
    "BandProperties" : [
      {
        "NoData" : "0",
        "BandName" : "tropospheric_NO2_column_number_density",
        "type" : "PropertySet"
      }
    ],
    "DataType" : "Generic",
    "type" : "PropertySet"
  },
  "statistics" : [
    {
      "min" : 4.9642051493587528e-05,
      "max" : 0.0003764711013435268,
      "mean" : 0.00020256495273553664,
      "standardDeviation" : 0.00010003286215095091,
      "sum" : 0.48413023703793256,
      "median" : 0.00020600732240218592,
      "mode" : 8.8092527946521552e-05,
      "skipX" : 1,
      "skipY" : 1,
      "count" : 2390,
      "covariances" : "0.000000"
    }
  ],
  "histograms" : [
    {
      "size" : 256,
      "min" : 4.9642051493587528e-05,
      "max" : 0.0003764711013435268,
      "counts" : [
        4,
        1,
        5,
        4,
        5,
        9,
        17,
        17,
        19,
        14,
        23,
        17,
        12,
        7,
        21,
        15,
        21,
        25,
        13,
        15,
        21,
        31,
        20,
        22,
        27,
        12,
        20,
        20,
        25,
        33,
        38,
        31,
        30,
        10,
        10,
        13,
        11,
        12,
        11,
        10,
        11,
        3,
        1,
        7,
        9,
        5,
        3,
        1,
        12,
        3,
        3,
        3,
        7,
        5,
        2,
        2,
        4,
        7,
        4,
        5,
        6,
        5,
        4,
        6,
        5,
        9,
        1,
        3,
        4,
        4,
        7,
        4,
        6,
        8,
        8,
        4,
        7,
        6,
        4,
        6,
        6,
        5,
        8,
        4,
        9,
        5,
        9,
        3,
        3,
        6,
        14,
        7,
        11,
        12,
        7,
        14,
        15,
        9,
        7,
        10,
        5,
        6,
        11,
        8,
        4,
        12,
        10,
        7,
        6,
        7,
        5,
        9,
        5,
        8,
        2,
        8,
        6,
        4,
        13,
        7,
        4,
        7,
        6,
        7,
        12,
        8,
        8,
        7,
        6,
        4,
        5,
        11,
        10,
        9,
        9,
        7,
        12,
        5,
        6,
        7,
        6,
        8,
        4,
        7,
        11,
        11,
        6,
        8,
        5,
        9,
        3,
        7,
        4,
        12,
        13,
        12,
        10,
        9,
        6,
        10,
        7,
        8,
        11,
        13,
        11,
        6,
        12,
        13,
        16,
        11,
        13,
        14,
        13,
        15,
        16,
        10,
        9,
        10,
        15,
        10,
        5,
        8,
        7,
        4,
        6,
        8,
        4,
        7,
        4,
        9,
        6,
        5,
        7,
        7,
        8,
        10,
        8,
        5,
        7,
        3,
        4,
        8,
        11,
        14,
        5,
        6,
        11,
        7,
        15,
        11,
        10,
        11,
        13,
        11,
        10,
        13,
        11,
        17,
        8,
        18,
        14,
        14,
        21,
        15,
        22,
        25,
        19,
        13,
        27,
        9,
        18,
        17,
        12,
        8,
        10,
        8,
        8,
        4,
        11,
        6,
        5,
        1,
        2,
        4,
        4,
        4,
        1,
        2,
        6,
        2,
        1,
        2,
        2,
        1,
        3,
        1
      ]
    }
  ],
  "type" : "RasterInfo"
}