{
  "origin" : {
    "x" : 194121.643224369909,
    "y" : 2662383.45870195189,
    "spatialReference" : {
      "wkid" : 32646,
      "latestWkid" : 32646
    }
  },
  "extent" : {
    "xmin" : 194121.643224369909,
    "ymin" : 2602948.57885792339,
    "xmax" : 270811.810765051865,
    "ymax" : 2662383.45870195189,
    "spatialReference" : {
      "wkid" : 32646,
      "latestWkid" : 32646
    }
  },
  "geodataXform" : {
    "spatialReference" : {
      "wkid" : 32646,
      "latestWkid" : 32646
    },
    "type" : "IdentityXform"
  },
  "LODInfos" : {
    "resolutions" : [
      1917.2541885170485,
      958.62709425852427
    ],
    "levels" : [
      0,
      1
    ],
    "scales" : [
      7246300.5505839549,
      3623150.2752919775
    ],
    "dpi" : 96,
    "type" : "RasterLODInfos"
  },
  "blockWidth" : 256,
  "blockHeight" : 256,
  "bandCount" : 1,
  "pixelType" : 10,
  "pixelSizeX" : 958.62709425852449,
  "pixelSizeY" : 958.62709425852427,
  "format" : "Cache/RAW",
  "compressionType" : "",
  "firstPyramidLevel" : 1,
  "maximumPyramidLevel" : 0,
  "packetSize" : 12,
  "compressionQuality" : 0,
  "pyramidResamplingType" : 0,
  "properties" : {
    "KIND" : "IMAGE",
    "BAND_COUNT" : "1",
    "HAS_TABLE" : "0",
    "HAS_XFORM" : "0",
    "BSQ" : "0",
    "BandProperties" : [
      {
        "NoData" : "0",
        "BandName" : "tropospheric_NO2_column_number_density",
        "type" : "PropertySet"
      }
    ],
    "DataType" : "Generic",
    "type" : "PropertySet"
  },
  "statistics" : [
    {
      "min" : 2.1796083514103035e-05,
      "max" : 9.6211826303371501e-05,
      "mean" : 5.3278797880972853e-05,
      "standardDeviation" : 2.1215375800278319e-05,
      "sum" : 0.12733632693552513,
      "median" : 5.0978727745188708e-05,
      "mode" : 2.5298000821833318e-05,
      "skipX" : 1,
      "skipY" : 1,
      "count" : 2390,
      "covariances" : "0.000000"
    }
  ],
  "histograms" : [
    {
      "size" : 256,
      "min" : 2.1796083514103035e-05,
      "max" : 9.6211826303371501e-05,
      "counts" : [
        2,
        3,
        4,
        6,
        11,
        12,
        22,
        24,
        14,
        26,
        30,
        44,
        50,
        33,
        28,
        39,
        13,
        13,
        5,
        3,
        1,
        6,
        7,
        3,
        7,
        6,
        5,
        4,
        6,
        12,
        5,
        6,
        8,
        14,
        13,
        14,
        17,
        6,
        2,
        17,
        13,
        17,
        20,
        13,
        11,
        19,
        26,
        20,
        8,
        14,
        14,
        11,
        18,
        14,
        12,
        12,
        10,
        13,
        17,
        11,
        16,
        10,
        13,
        9,
        7,
        11,
        14,
        14,
        6,
        2,
        9,
        14,
        7,
        8,
        10,
        5,
        10,
        12,
        7,
        3,
        12,
        8,
        5,
        6,
        6,
        10,
        8,
        11,
        12,
        10,
        12,
        11,
        11,
        8,
        7,
        11,
        13,
        5,
        4,
        1,
        8,
        7,
        8,
        11,
        8,
        13,
        13,
        12,
        5,
        4,
        4,
        7,
        8,
        3,
        9,
        6,
        14,
        7,
        5,
        9,
        12,
        12,
        9,
        3,
        12,
        8,
        6,
        7,
        6,
        6,
        7,
        2,
        7,
        9,
        6,
        10,
        4,
        7,
        6,
        9,
        4,
        5,
        8,
        7,
        9,
        8,
        8,
        9,
        6,
        6,
        7,
        11,
        8,
        8,
        9,
        15,
        7,
        5,
        8,
        6,
        5,
        12,
        11,
        13,
        7,
        10,
        7,
        16,
        12,
        10,
        13,
        8,
        20,
        9,
        8,
        11,
        10,
        4,
        12,
        12,
        6,
        10,
        14,
        12,
        6,
        11,
        6,
        12,
        16,
        5,
        4,
        9,
        5,
        8,
        7,
        5,
        5,
        9,
        8,
        8,
        14,
        9,
        8,
        8,
        12,
        11,
        7,
        9,
        9,
        7,
        9,
        9,
        13,
        11,
        15,
        17,
        9,
        11,
        11,
        11,
        12,
        7,
        6,
        7,
        6,
        10,
        5,
        5,
        9,
        5,
        13,
        2,
        2,
        6,
        4,
        4,
        7,
        7,
        3,
        5,
        1,
        9,
        6,
        1,
        0,
        2,
        3,
        0,
        0,
        0,
        1,
        0,
        0,
        0,
        0,
        1
      ]
    }
  ],
  "type" : "RasterInfo"
}