{
  "origin" : {
    "x" : 194121.643224369909,
    "y" : 2662383.45870195189,
    "spatialReference" : {
      "wkid" : 32646,
      "latestWkid" : 32646
    }
  },
  "extent" : {
    "xmin" : 194121.643224369909,
    "ymin" : 2602948.57885792339,
    "xmax" : 270811.810765051865,
    "ymax" : 2662383.45870195189,
    "spatialReference" : {
      "wkid" : 32646,
      "latestWkid" : 32646
    }
  },
  "geodataXform" : {
    "spatialReference" : {
      "wkid" : 32646,
      "latestWkid" : 32646
    },
    "type" : "IdentityXform"
  },
  "LODInfos" : {
    "resolutions" : [
      1917.2541885170485,
      958.62709425852427
    ],
    "levels" : [
      0,
      1
    ],
    "scales" : [
      7246300.5505839549,
      3623150.2752919775
    ],
    "dpi" : 96,
    "type" : "RasterLODInfos"
  },
  "blockWidth" : 256,
  "blockHeight" : 256,
  "bandCount" : 1,
  "pixelType" : 10,
  "pixelSizeX" : 958.62709425852449,
  "pixelSizeY" : 958.62709425852427,
  "format" : "Cache/RAW",
  "compressionType" : "",
  "firstPyramidLevel" : 1,
  "maximumPyramidLevel" : 0,
  "packetSize" : 12,
  "compressionQuality" : 0,
  "pyramidResamplingType" : 0,
  "properties" : {
    "KIND" : "IMAGE",
    "BAND_COUNT" : "1",
    "HAS_TABLE" : "0",
    "HAS_XFORM" : "0",
    "BSQ" : "0",
    "BandProperties" : [
      {
        "NoData" : "0",
        "BandName" : "tropospheric_NO2_column_number_density",
        "type" : "PropertySet"
      }
    ],
    "DataType" : "Generic",
    "type" : "PropertySet"
  },
  "statistics" : [
    {
      "min" : 2.4560431959973225e-05,
      "max" : 0.00055365554726449773,
      "mean" : 0.00010831253562500853,
      "standardDeviation" : 7.5058275431267094e-05,
      "sum" : 0.25886696014377036,
      "median" : 8.4732033308330921e-05,
      "mode" : 4.323437720601527e-05,
      "skipX" : 1,
      "skipY" : 1,
      "count" : 2390,
      "covariances" : "0.000000"
    }
  ],
  "histograms" : [
    {
      "size" : 256,
      "min" : 2.4560431959973225e-05,
      "max" : 0.00055365554726449773,
      "counts" : [
        1,
        4,
        18,
        22,
        35,
        50,
        15,
        51,
        62,
        70,
        44,
        30,
        39,
        56,
        42,
        49,
        57,
        45,
        38,
        38,
        50,
        64,
        62,
        41,
        53,
        32,
        30,
        33,
        28,
        39,
        52,
        28,
        38,
        38,
        31,
        29,
        31,
        28,
        22,
        23,
        16,
        26,
        14,
        21,
        15,
        17,
        32,
        26,
        31,
        24,
        9,
        14,
        19,
        24,
        30,
        12,
        13,
        18,
        12,
        18,
        13,
        19,
        17,
        14,
        10,
        12,
        11,
        4,
        13,
        18,
        7,
        8,
        11,
        10,
        8,
        11,
        10,
        9,
        5,
        10,
        10,
        9,
        5,
        4,
        4,
        4,
        3,
        5,
        8,
        4,
        5,
        3,
        4,
        3,
        3,
        5,
        7,
        4,
        6,
        1,
        5,
        6,
        7,
        3,
        4,
        2,
        4,
        0,
        4,
        4,
        2,
        3,
        2,
        6,
        2,
        3,
        3,
        2,
        0,
        0,
        5,
        3,
        3,
        1,
        1,
        4,
        3,
        2,
        2,
        1,
        2,
        2,
        4,
        0,
        1,
        3,
        2,
        2,
        2,
        1,
        1,
        2,
        2,
        2,
        2,
        1,
        1,
        0,
        0,
        1,
        0,
        2,
        0,
        1,
        0,
        1,
        1,
        0,
        1,
        2,
        0,
        1,
        1,
        0,
        0,
        0,
        0,
        2,
        2,
        0,
        1,
        0,
        0,
        3,
        0,
        3,
        0,
        0,
        0,
        3,
        1,
        0,
        0,
        0,
        1,
        0,
        2,
        0,
        1,
        1,
        1,
        0,
        0,
        1,
        0,
        0,
        0,
        0,
        0,
        0,
        0,
        0,
        0,
        1,
        0,
        0,
        0,
        0,
        0,
        0,
        0,
        0,
        0,
        0,
        0,
        0,
        0,
        0,
        0,
        1,
        0,
        0,
        0,
        0,
        0,
        1,
        0,
        0,
        0,
        0,
        1,
        0,
        1,
        0,
        0,
        0,
        0,
        1,
        0,
        0,
        0,
        0,
        0,
        1,
        0,
        0,
        0,
        0,
        0,
        0,
        0,
        2,
        1,
        0,
        1,
        3
      ]
    }
  ],
  "type" : "RasterInfo"
}