{
  "origin" : {
    "x" : 194121.643224369909,
    "y" : 2662383.45870195189,
    "spatialReference" : {
      "wkid" : 32646,
      "latestWkid" : 32646
    }
  },
  "extent" : {
    "xmin" : 194121.643224369909,
    "ymin" : 2602948.57885792339,
    "xmax" : 270811.810765051865,
    "ymax" : 2662383.45870195189,
    "spatialReference" : {
      "wkid" : 32646,
      "latestWkid" : 32646
    }
  },
  "geodataXform" : {
    "spatialReference" : {
      "wkid" : 32646,
      "latestWkid" : 32646
    },
    "type" : "IdentityXform"
  },
  "LODInfos" : {
    "resolutions" : [
      1917.2541885170485,
      958.62709425852427
    ],
    "levels" : [
      0,
      1
    ],
    "scales" : [
      7246300.5505839549,
      3623150.2752919775
    ],
    "dpi" : 96,
    "type" : "RasterLODInfos"
  },
  "blockWidth" : 256,
  "blockHeight" : 256,
  "bandCount" : 1,
  "pixelType" : 10,
  "pixelSizeX" : 958.62709425852449,
  "pixelSizeY" : 958.62709425852427,
  "format" : "Cache/RAW",
  "compressionType" : "",
  "firstPyramidLevel" : 1,
  "maximumPyramidLevel" : 0,
  "packetSize" : 12,
  "compressionQuality" : 0,
  "pyramidResamplingType" : 0,
  "properties" : {
    "KIND" : "IMAGE",
    "BAND_COUNT" : "1",
    "HAS_TABLE" : "0",
    "HAS_XFORM" : "0",
    "BSQ" : "0",
    "BandProperties" : [
      {
        "NoData" : "0",
        "BandName" : "tropospheric_NO2_column_number_density",
        "type" : "PropertySet"
      }
    ],
    "DataType" : "Generic",
    "type" : "PropertySet"
  },
  "statistics" : [
    {
      "min" : 3.779687546901668e-05,
      "max" : 0.00024827510245628635,
      "mean" : 0.00012075485705592541,
      "standardDeviation" : 4.9659332365383845e-05,
      "sum" : 0.28860410836366174,
      "median" : 0.00011868654701706541,
      "mode" : 4.8527138021308858e-05,
      "skipX" : 1,
      "skipY" : 1,
      "count" : 2390,
      "covariances" : "0.000000"
    }
  ],
  "histograms" : [
    {
      "size" : 256,
      "min" : 3.779687546901668e-05,
      "max" : 0.00024827510245628635,
      "counts" : [
        2,
        6,
        7,
        7,
        7,
        3,
        3,
        1,
        3,
        4,
        8,
        10,
        11,
        29,
        21,
        28,
        21,
        24,
        19,
        19,
        8,
        21,
        23,
        9,
        17,
        15,
        23,
        26,
        23,
        25,
        27,
        23,
        17,
        14,
        14,
        15,
        16,
        19,
        10,
        14,
        5,
        10,
        6,
        5,
        5,
        5,
        4,
        4,
        6,
        2,
        5,
        6,
        8,
        8,
        10,
        10,
        9,
        9,
        8,
        8,
        16,
        9,
        12,
        7,
        10,
        9,
        5,
        10,
        6,
        12,
        10,
        10,
        15,
        8,
        10,
        8,
        10,
        8,
        17,
        15,
        12,
        18,
        12,
        8,
        12,
        14,
        17,
        15,
        19,
        14,
        19,
        13,
        8,
        13,
        16,
        18,
        18,
        7,
        10,
        11,
        9,
        8,
        9,
        8,
        9,
        10,
        11,
        17,
        12,
        13,
        13,
        19,
        13,
        8,
        19,
        17,
        7,
        14,
        17,
        13,
        10,
        8,
        4,
        15,
        9,
        10,
        9,
        7,
        10,
        10,
        12,
        9,
        9,
        14,
        21,
        15,
        12,
        14,
        17,
        13,
        10,
        21,
        17,
        14,
        12,
        22,
        13,
        22,
        12,
        12,
        11,
        15,
        14,
        10,
        10,
        14,
        11,
        15,
        12,
        7,
        7,
        10,
        10,
        9,
        10,
        14,
        9,
        14,
        6,
        14,
        8,
        9,
        8,
        9,
        7,
        8,
        6,
        4,
        5,
        5,
        5,
        11,
        8,
        8,
        7,
        12,
        9,
        3,
        5,
        3,
        4,
        6,
        13,
        7,
        5,
        9,
        10,
        5,
        3,
        5,
        6,
        8,
        2,
        3,
        4,
        3,
        5,
        3,
        3,
        4,
        4,
        4,
        7,
        10,
        6,
        4,
        5,
        4,
        6,
        6,
        4,
        4,
        3,
        2,
        0,
        1,
        0,
        2,
        0,
        1,
        0,
        0,
        0,
        0,
        2,
        1,
        1,
        0,
        0,
        0,
        1,
        0,
        0,
        0,
        0,
        1,
        1,
        1,
        0,
        0,
        0,
        1,
        2,
        0,
        0,
        1
      ]
    }
  ],
  "type" : "RasterInfo"
}