{
  "origin" : {
    "x" : 194121.643224369909,
    "y" : 2662383.45870195189,
    "spatialReference" : {
      "wkid" : 32646,
      "latestWkid" : 32646
    }
  },
  "extent" : {
    "xmin" : 194121.643224369909,
    "ymin" : 2602948.57885792339,
    "xmax" : 270811.810765051865,
    "ymax" : 2662383.45870195189,
    "spatialReference" : {
      "wkid" : 32646,
      "latestWkid" : 32646
    }
  },
  "geodataXform" : {
    "spatialReference" : {
      "wkid" : 32646,
      "latestWkid" : 32646
    },
    "type" : "IdentityXform"
  },
  "LODInfos" : {
    "resolutions" : [
      1917.2541885170485,
      958.62709425852427
    ],
    "levels" : [
      0,
      1
    ],
    "scales" : [
      7246300.5505839549,
      3623150.2752919775
    ],
    "dpi" : 96,
    "type" : "RasterLODInfos"
  },
  "blockWidth" : 256,
  "blockHeight" : 256,
  "bandCount" : 1,
  "pixelType" : 10,
  "pixelSizeX" : 958.62709425852449,
  "pixelSizeY" : 958.62709425852427,
  "format" : "Cache/RAW",
  "compressionType" : "",
  "firstPyramidLevel" : 1,
  "maximumPyramidLevel" : 0,
  "packetSize" : 12,
  "compressionQuality" : 0,
  "pyramidResamplingType" : 0,
  "properties" : {
    "KIND" : "IMAGE",
    "BAND_COUNT" : "1",
    "HAS_TABLE" : "0",
    "HAS_XFORM" : "0",
    "BSQ" : "0",
    "BandProperties" : [
      {
        "NoData" : "0",
        "BandName" : "tropospheric_NO2_column_number_density",
        "type" : "PropertySet"
      }
    ],
    "DataType" : "Generic",
    "type" : "PropertySet"
  },
  "statistics" : [
    {
      "min" : 4.7102020090429697e-05,
      "max" : 0.00033000488641466368,
      "mean" : 0.00017091073392460078,
      "standardDeviation" : 7.3977940420090054e-05,
      "sum" : 0.40847665407979589,
      "median" : 0.00016802912765647481,
      "mode" : 0.00016913855066166789,
      "skipX" : 1,
      "skipY" : 1,
      "count" : 2390,
      "covariances" : "0.000000"
    }
  ],
  "histograms" : [
    {
      "size" : 256,
      "min" : 4.7102020090429697e-05,
      "max" : 0.00033000488641466368,
      "counts" : [
        4,
        3,
        6,
        21,
        10,
        9,
        7,
        17,
        20,
        8,
        10,
        11,
        22,
        20,
        13,
        11,
        13,
        16,
        14,
        9,
        18,
        9,
        16,
        13,
        14,
        13,
        5,
        14,
        6,
        16,
        13,
        8,
        12,
        14,
        9,
        12,
        10,
        13,
        14,
        10,
        9,
        10,
        6,
        7,
        4,
        12,
        3,
        6,
        10,
        9,
        11,
        9,
        7,
        9,
        8,
        12,
        9,
        18,
        6,
        3,
        6,
        12,
        5,
        6,
        5,
        7,
        5,
        4,
        10,
        9,
        6,
        5,
        9,
        9,
        14,
        9,
        7,
        6,
        9,
        15,
        9,
        18,
        15,
        19,
        15,
        5,
        7,
        14,
        17,
        9,
        8,
        8,
        10,
        7,
        14,
        14,
        9,
        17,
        18,
        10,
        13,
        15,
        16,
        16,
        15,
        13,
        13,
        14,
        13,
        15,
        28,
        15,
        11,
        8,
        19,
        12,
        2,
        10,
        12,
        9,
        9,
        7,
        14,
        10,
        21,
        12,
        13,
        5,
        4,
        7,
        11,
        5,
        13,
        12,
        15,
        15,
        4,
        15,
        14,
        14,
        10,
        15,
        12,
        7,
        11,
        11,
        13,
        10,
        11,
        14,
        5,
        7,
        14,
        15,
        17,
        20,
        10,
        12,
        5,
        11,
        5,
        7,
        14,
        11,
        10,
        13,
        15,
        9,
        11,
        9,
        8,
        7,
        5,
        9,
        13,
        10,
        9,
        14,
        12,
        2,
        6,
        4,
        11,
        6,
        4,
        8,
        9,
        6,
        3,
        6,
        8,
        5,
        8,
        8,
        7,
        8,
        7,
        9,
        5,
        8,
        8,
        9,
        14,
        3,
        5,
        7,
        10,
        8,
        3,
        3,
        11,
        14,
        10,
        13,
        6,
        6,
        6,
        5,
        5,
        10,
        4,
        8,
        4,
        6,
        4,
        5,
        7,
        4,
        3,
        2,
        4,
        5,
        6,
        3,
        6,
        3,
        5,
        2,
        1,
        9,
        3,
        2,
        8,
        11,
        2,
        1,
        0,
        4,
        1,
        1,
        3,
        1,
        1,
        2,
        2,
        1
      ]
    }
  ],
  "type" : "RasterInfo"
}