{
  "origin" : {
    "x" : 194121.643224369909,
    "y" : 2662383.45870195189,
    "spatialReference" : {
      "wkid" : 32646,
      "latestWkid" : 32646
    }
  },
  "extent" : {
    "xmin" : 194121.643224369909,
    "ymin" : 2602948.57885792339,
    "xmax" : 270811.810765051865,
    "ymax" : 2662383.45870195189,
    "spatialReference" : {
      "wkid" : 32646,
      "latestWkid" : 32646
    }
  },
  "geodataXform" : {
    "spatialReference" : {
      "wkid" : 32646,
      "latestWkid" : 32646
    },
    "type" : "IdentityXform"
  },
  "LODInfos" : {
    "resolutions" : [
      1917.2541885170485,
      958.62709425852427
    ],
    "levels" : [
      0,
      1
    ],
    "scales" : [
      7246300.5505839549,
      3623150.2752919775
    ],
    "dpi" : 96,
    "type" : "RasterLODInfos"
  },
  "blockWidth" : 256,
  "blockHeight" : 256,
  "bandCount" : 1,
  "pixelType" : 10,
  "pixelSizeX" : 958.62709425852449,
  "pixelSizeY" : 958.62709425852427,
  "format" : "Cache/RAW",
  "compressionType" : "",
  "firstPyramidLevel" : 1,
  "maximumPyramidLevel" : 0,
  "packetSize" : 12,
  "compressionQuality" : 0,
  "pyramidResamplingType" : 0,
  "properties" : {
    "KIND" : "IMAGE",
    "BAND_COUNT" : "1",
    "HAS_TABLE" : "0",
    "HAS_XFORM" : "0",
    "BSQ" : "0",
    "BandProperties" : [
      {
        "NoData" : "0",
        "BandName" : "tropospheric_NO2_column_number_density",
        "type" : "PropertySet"
      }
    ],
    "DataType" : "Generic",
    "type" : "PropertySet"
  },
  "statistics" : [
    {
      "min" : 3.4557281129772356e-05,
      "max" : 0.00011262031624145139,
      "mean" : 6.5466997555521842e-05,
      "standardDeviation" : 2.2695252506112281e-05,
      "sum" : 0.1564661241576972,
      "median" : 6.2721199679868328e-05,
      "mode" : 3.7924706173805573e-05,
      "skipX" : 1,
      "skipY" : 1,
      "count" : 2390,
      "covariances" : "0.000000"
    }
  ],
  "histograms" : [
    {
      "size" : 256,
      "min" : 3.4557281129772356e-05,
      "max" : 0.00011262031624145139,
      "counts" : [
        7,
        7,
        5,
        6,
        17,
        25,
        28,
        29,
        35,
        39,
        39,
        40,
        35,
        26,
        27,
        21,
        23,
        21,
        38,
        31,
        15,
        22,
        18,
        9,
        10,
        7,
        14,
        15,
        18,
        18,
        17,
        15,
        12,
        8,
        4,
        7,
        6,
        3,
        9,
        12,
        6,
        9,
        8,
        11,
        14,
        4,
        8,
        13,
        11,
        8,
        9,
        5,
        7,
        9,
        4,
        11,
        12,
        2,
        9,
        13,
        5,
        4,
        8,
        6,
        7,
        11,
        7,
        6,
        8,
        8,
        9,
        8,
        8,
        8,
        10,
        10,
        10,
        6,
        11,
        6,
        12,
        12,
        11,
        10,
        11,
        10,
        7,
        9,
        8,
        6,
        3,
        11,
        20,
        9,
        9,
        6,
        9,
        11,
        4,
        6,
        15,
        14,
        4,
        12,
        12,
        5,
        13,
        16,
        9,
        8,
        12,
        8,
        7,
        15,
        9,
        12,
        9,
        5,
        7,
        4,
        14,
        4,
        12,
        5,
        5,
        6,
        7,
        4,
        6,
        8,
        10,
        6,
        8,
        4,
        7,
        2,
        10,
        5,
        8,
        7,
        4,
        6,
        6,
        4,
        10,
        6,
        8,
        4,
        4,
        2,
        11,
        5,
        9,
        6,
        6,
        5,
        6,
        6,
        6,
        11,
        6,
        4,
        7,
        8,
        8,
        12,
        9,
        4,
        11,
        10,
        4,
        11,
        6,
        11,
        11,
        10,
        15,
        23,
        20,
        16,
        17,
        15,
        18,
        11,
        14,
        9,
        8,
        15,
        6,
        5,
        7,
        9,
        5,
        8,
        9,
        4,
        7,
        5,
        4,
        5,
        8,
        8,
        10,
        8,
        5,
        5,
        7,
        8,
        5,
        6,
        6,
        5,
        6,
        6,
        9,
        4,
        9,
        7,
        5,
        5,
        1,
        7,
        7,
        6,
        4,
        8,
        9,
        8,
        10,
        5,
        6,
        8,
        8,
        7,
        7,
        6,
        9,
        4,
        7,
        3,
        7,
        3,
        2,
        4,
        7,
        3,
        1,
        0,
        1,
        1,
        0,
        0,
        0,
        0,
        1,
        1
      ]
    }
  ],
  "type" : "RasterInfo"
}