{
  "origin" : {
    "x" : 194121.643224369909,
    "y" : 2662383.45870195189,
    "spatialReference" : {
      "wkid" : 32646,
      "latestWkid" : 32646
    }
  },
  "extent" : {
    "xmin" : 194121.643224369909,
    "ymin" : 2602948.57885792339,
    "xmax" : 270811.810765051865,
    "ymax" : 2662383.45870195189,
    "spatialReference" : {
      "wkid" : 32646,
      "latestWkid" : 32646
    }
  },
  "geodataXform" : {
    "spatialReference" : {
      "wkid" : 32646,
      "latestWkid" : 32646
    },
    "type" : "IdentityXform"
  },
  "LODInfos" : {
    "resolutions" : [
      1917.2541885170485,
      958.62709425852427
    ],
    "levels" : [
      0,
      1
    ],
    "scales" : [
      7246300.5505839549,
      3623150.2752919775
    ],
    "dpi" : 96,
    "type" : "RasterLODInfos"
  },
  "blockWidth" : 256,
  "blockHeight" : 256,
  "bandCount" : 1,
  "pixelType" : 10,
  "pixelSizeX" : 958.62709425852449,
  "pixelSizeY" : 958.62709425852427,
  "format" : "Cache/RAW",
  "compressionType" : "",
  "firstPyramidLevel" : 1,
  "maximumPyramidLevel" : 0,
  "packetSize" : 12,
  "compressionQuality" : 0,
  "pyramidResamplingType" : 0,
  "properties" : {
    "KIND" : "IMAGE",
    "BAND_COUNT" : "1",
    "HAS_TABLE" : "0",
    "HAS_XFORM" : "0",
    "BSQ" : "0",
    "BandProperties" : [
      {
        "NoData" : "0",
        "BandName" : "tropospheric_NO2_column_number_density",
        "type" : "PropertySet"
      }
    ],
    "DataType" : "Generic",
    "type" : "PropertySet"
  },
  "statistics" : [
    {
      "min" : 2.3826696975662333e-05,
      "max" : 0.00016308039721232186,
      "mean" : 7.1578418073372469e-05,
      "standardDeviation" : 2.9561263447248277e-05,
      "sum" : 0.1710724191953602,
      "median" : 7.2428968822967033e-05,
      "mode" : 3.6932927586171466e-05,
      "skipX" : 1,
      "skipY" : 1,
      "count" : 2390,
      "covariances" : "0.000000"
    }
  ],
  "histograms" : [
    {
      "size" : 256,
      "min" : 2.3826696975662333e-05,
      "max" : 0.00016308039721232186,
      "counts" : [
        8,
        0,
        3,
        6,
        3,
        10,
        18,
        24,
        29,
        22,
        29,
        21,
        26,
        15,
        14,
        12,
        12,
        18,
        16,
        20,
        11,
        30,
        23,
        24,
        34,
        22,
        23,
        26,
        18,
        28,
        18,
        10,
        15,
        9,
        11,
        6,
        18,
        10,
        14,
        18,
        15,
        16,
        14,
        11,
        7,
        15,
        14,
        6,
        2,
        10,
        8,
        8,
        5,
        7,
        4,
        7,
        5,
        2,
        7,
        9,
        5,
        7,
        3,
        6,
        11,
        11,
        10,
        15,
        14,
        13,
        12,
        9,
        24,
        14,
        12,
        15,
        14,
        13,
        9,
        20,
        13,
        10,
        9,
        14,
        14,
        16,
        6,
        11,
        11,
        17,
        12,
        17,
        19,
        18,
        9,
        12,
        13,
        18,
        21,
        10,
        5,
        13,
        15,
        13,
        21,
        12,
        13,
        17,
        16,
        18,
        14,
        13,
        12,
        8,
        8,
        16,
        11,
        14,
        13,
        15,
        12,
        11,
        11,
        10,
        17,
        15,
        12,
        17,
        14,
        11,
        20,
        14,
        11,
        16,
        8,
        21,
        22,
        18,
        14,
        17,
        14,
        10,
        19,
        14,
        18,
        17,
        12,
        11,
        14,
        13,
        21,
        13,
        11,
        12,
        11,
        14,
        7,
        16,
        15,
        9,
        6,
        12,
        8,
        2,
        9,
        10,
        9,
        9,
        13,
        10,
        5,
        4,
        2,
        3,
        2,
        5,
        3,
        2,
        0,
        4,
        5,
        1,
        1,
        11,
        5,
        5,
        2,
        6,
        10,
        4,
        4,
        5,
        5,
        3,
        0,
        0,
        1,
        0,
        1,
        2,
        1,
        0,
        0,
        1,
        1,
        0,
        0,
        0,
        2,
        0,
        0,
        1,
        0,
        1,
        1,
        0,
        2,
        0,
        0,
        0,
        1,
        0,
        0,
        0,
        0,
        1,
        0,
        0,
        0,
        0,
        0,
        0,
        2,
        0,
        0,
        0,
        0,
        0,
        0,
        0,
        0,
        0,
        0,
        0,
        1,
        1,
        0,
        0,
        0,
        0,
        0,
        0,
        0,
        0,
        2,
        1
      ]
    }
  ],
  "type" : "RasterInfo"
}