{
  "origin" : {
    "x" : 194121.643224369909,
    "y" : 2662383.45870195189,
    "spatialReference" : {
      "wkid" : 32646,
      "latestWkid" : 32646
    }
  },
  "extent" : {
    "xmin" : 194121.643224369909,
    "ymin" : 2602948.57885792339,
    "xmax" : 270811.810765051865,
    "ymax" : 2662383.45870195189,
    "spatialReference" : {
      "wkid" : 32646,
      "latestWkid" : 32646
    }
  },
  "geodataXform" : {
    "spatialReference" : {
      "wkid" : 32646,
      "latestWkid" : 32646
    },
    "type" : "IdentityXform"
  },
  "LODInfos" : {
    "resolutions" : [
      1917.2541885170485,
      958.62709425852427
    ],
    "levels" : [
      0,
      1
    ],
    "scales" : [
      7246300.5505839549,
      3623150.2752919775
    ],
    "dpi" : 96,
    "type" : "RasterLODInfos"
  },
  "blockWidth" : 256,
  "blockHeight" : 256,
  "bandCount" : 1,
  "pixelType" : 10,
  "pixelSizeX" : 958.62709425852449,
  "pixelSizeY" : 958.62709425852427,
  "format" : "Cache/RAW",
  "compressionType" : "",
  "firstPyramidLevel" : 1,
  "maximumPyramidLevel" : 0,
  "packetSize" : 12,
  "compressionQuality" : 0,
  "pyramidResamplingType" : 0,
  "properties" : {
    "KIND" : "IMAGE",
    "BAND_COUNT" : "1",
    "HAS_TABLE" : "0",
    "HAS_XFORM" : "0",
    "BSQ" : "0",
    "BandProperties" : [
      {
        "NoData" : "0",
        "BandName" : "tropospheric_NO2_column_number_density",
        "type" : "PropertySet"
      }
    ],
    "DataType" : "Generic",
    "type" : "PropertySet"
  },
  "statistics" : [
    {
      "min" : 2.5573606842486303e-05,
      "max" : 0.00013800371785011563,
      "mean" : 6.5009601059362425e-05,
      "standardDeviation" : 2.5533218731372449e-05,
      "sum" : 0.15537294653187619,
      "median" : 6.5695724888346181e-05,
      "mode" : 2.9100826011353107e-05,
      "skipX" : 1,
      "skipY" : 1,
      "count" : 2390,
      "covariances" : "0.000000"
    }
  ],
  "histograms" : [
    {
      "size" : 256,
      "min" : 2.5573606842486303e-05,
      "max" : 0.00013800371785011563,
      "counts" : [
        5,
        9,
        14,
        23,
        36,
        24,
        30,
        36,
        40,
        35,
        32,
        17,
        15,
        14,
        9,
        16,
        12,
        16,
        9,
        5,
        7,
        7,
        7,
        6,
        8,
        11,
        10,
        11,
        7,
        10,
        10,
        12,
        7,
        14,
        9,
        12,
        12,
        17,
        14,
        20,
        17,
        10,
        7,
        11,
        9,
        16,
        6,
        15,
        12,
        11,
        12,
        10,
        9,
        6,
        9,
        6,
        8,
        7,
        11,
        16,
        15,
        9,
        10,
        9,
        13,
        7,
        8,
        7,
        12,
        10,
        6,
        20,
        19,
        18,
        9,
        9,
        15,
        8,
        13,
        12,
        15,
        15,
        16,
        14,
        17,
        12,
        7,
        14,
        11,
        12,
        10,
        15,
        15,
        15,
        19,
        10,
        13,
        17,
        14,
        18,
        21,
        20,
        18,
        28,
        19,
        25,
        14,
        20,
        17,
        25,
        10,
        14,
        19,
        24,
        19,
        25,
        19,
        23,
        24,
        10,
        12,
        13,
        18,
        22,
        19,
        11,
        15,
        13,
        10,
        14,
        9,
        10,
        7,
        4,
        8,
        2,
        11,
        8,
        8,
        7,
        6,
        10,
        7,
        3,
        4,
        8,
        7,
        8,
        4,
        0,
        2,
        7,
        3,
        8,
        10,
        5,
        2,
        9,
        9,
        5,
        5,
        1,
        6,
        5,
        3,
        5,
        3,
        7,
        15,
        8,
        3,
        6,
        7,
        7,
        7,
        6,
        3,
        9,
        6,
        9,
        8,
        9,
        6,
        7,
        7,
        8,
        9,
        6,
        2,
        5,
        9,
        10,
        5,
        5,
        8,
        8,
        14,
        6,
        4,
        4,
        1,
        4,
        1,
        5,
        5,
        3,
        6,
        3,
        5,
        3,
        1,
        5,
        2,
        2,
        6,
        5,
        1,
        1,
        0,
        2,
        1,
        1,
        1,
        1,
        2,
        0,
        0,
        1,
        0,
        0,
        0,
        2,
        0,
        0,
        0,
        0,
        0,
        0,
        0,
        1,
        0,
        1,
        0,
        0,
        0,
        0,
        0,
        0,
        0,
        0,
        0,
        0,
        0,
        0,
        0,
        1
      ]
    }
  ],
  "type" : "RasterInfo"
}