{
  "origin" : {
    "x" : 194121.643224369909,
    "y" : 2662383.45870195189,
    "spatialReference" : {
      "wkid" : 32646,
      "latestWkid" : 32646
    }
  },
  "extent" : {
    "xmin" : 194121.643224369909,
    "ymin" : 2602948.57885792339,
    "xmax" : 270811.810765051865,
    "ymax" : 2662383.45870195189,
    "spatialReference" : {
      "wkid" : 32646,
      "latestWkid" : 32646
    }
  },
  "geodataXform" : {
    "spatialReference" : {
      "wkid" : 32646,
      "latestWkid" : 32646
    },
    "type" : "IdentityXform"
  },
  "LODInfos" : {
    "resolutions" : [
      1917.2541885170485,
      958.62709425852427
    ],
    "levels" : [
      0,
      1
    ],
    "scales" : [
      7246300.5505839549,
      3623150.2752919775
    ],
    "dpi" : 96,
    "type" : "RasterLODInfos"
  },
  "blockWidth" : 256,
  "blockHeight" : 256,
  "bandCount" : 1,
  "pixelType" : 10,
  "pixelSizeX" : 958.62709425852449,
  "pixelSizeY" : 958.62709425852427,
  "format" : "Cache/RAW",
  "compressionType" : "",
  "firstPyramidLevel" : 1,
  "maximumPyramidLevel" : 0,
  "packetSize" : 12,
  "compressionQuality" : 0,
  "pyramidResamplingType" : 0,
  "properties" : {
    "KIND" : "IMAGE",
    "BAND_COUNT" : "1",
    "HAS_TABLE" : "0",
    "HAS_XFORM" : "0",
    "BSQ" : "0",
    "BandProperties" : [
      {
        "NoData" : "0",
        "BandName" : "tropospheric_NO2_column_number_density",
        "type" : "PropertySet"
      }
    ],
    "DataType" : "Generic",
    "type" : "PropertySet"
  },
  "statistics" : [
    {
      "min" : 5.6280009711919613e-05,
      "max" : 0.00029720258180505367,
      "mean" : 0.00015955668100492944,
      "standardDeviation" : 6.009903032587985e-05,
      "sum" : 0.38134046760178136,
      "median" : 0.00016209698255282556,
      "mode" : 0.00019799916976670436,
      "skipX" : 1,
      "skipY" : 1,
      "count" : 2390,
      "covariances" : "0.000000"
    }
  ],
  "histograms" : [
    {
      "size" : 256,
      "min" : 5.6280009711919613e-05,
      "max" : 0.00029720258180505367,
      "counts" : [
        1,
        2,
        0,
        6,
        2,
        6,
        4,
        6,
        7,
        4,
        8,
        4,
        7,
        14,
        10,
        13,
        28,
        24,
        18,
        17,
        16,
        19,
        20,
        15,
        27,
        18,
        12,
        22,
        15,
        7,
        20,
        17,
        12,
        9,
        17,
        14,
        15,
        16,
        11,
        14,
        20,
        10,
        15,
        13,
        13,
        9,
        7,
        6,
        8,
        8,
        7,
        9,
        7,
        10,
        3,
        10,
        7,
        6,
        12,
        8,
        13,
        9,
        4,
        12,
        10,
        7,
        9,
        12,
        8,
        6,
        8,
        14,
        11,
        15,
        6,
        10,
        14,
        14,
        15,
        13,
        8,
        10,
        8,
        14,
        10,
        3,
        10,
        7,
        9,
        7,
        8,
        4,
        11,
        7,
        9,
        8,
        13,
        8,
        13,
        10,
        6,
        8,
        11,
        7,
        10,
        11,
        11,
        9,
        6,
        13,
        12,
        12,
        18,
        21,
        14,
        15,
        8,
        10,
        6,
        7,
        14,
        10,
        10,
        12,
        16,
        6,
        18,
        9,
        11,
        5,
        6,
        8,
        8,
        8,
        7,
        12,
        9,
        2,
        10,
        8,
        9,
        7,
        8,
        15,
        17,
        20,
        24,
        17,
        15,
        19,
        30,
        21,
        22,
        16,
        10,
        14,
        5,
        16,
        11,
        11,
        16,
        21,
        19,
        12,
        11,
        11,
        15,
        14,
        12,
        20,
        13,
        15,
        14,
        17,
        9,
        12,
        17,
        5,
        17,
        10,
        9,
        11,
        11,
        12,
        4,
        6,
        5,
        4,
        5,
        2,
        11,
        7,
        7,
        3,
        12,
        8,
        2,
        9,
        7,
        5,
        4,
        4,
        10,
        3,
        4,
        2,
        4,
        8,
        3,
        3,
        8,
        7,
        4,
        6,
        4,
        6,
        8,
        5,
        3,
        3,
        5,
        2,
        1,
        1,
        4,
        1,
        6,
        3,
        5,
        1,
        2,
        5,
        6,
        8,
        6,
        3,
        3,
        2,
        6,
        0,
        0,
        0,
        2,
        2,
        3,
        4,
        2,
        0,
        2,
        0,
        1,
        0,
        0,
        0,
        1,
        1
      ]
    }
  ],
  "type" : "RasterInfo"
}