{
  "origin" : {
    "x" : 194121.643224369909,
    "y" : 2662383.45870195189,
    "spatialReference" : {
      "wkid" : 32646,
      "latestWkid" : 32646
    }
  },
  "extent" : {
    "xmin" : 194121.643224369909,
    "ymin" : 2602948.57885792339,
    "xmax" : 270811.810765051865,
    "ymax" : 2662383.45870195189,
    "spatialReference" : {
      "wkid" : 32646,
      "latestWkid" : 32646
    }
  },
  "geodataXform" : {
    "spatialReference" : {
      "wkid" : 32646,
      "latestWkid" : 32646
    },
    "type" : "IdentityXform"
  },
  "LODInfos" : {
    "resolutions" : [
      1917.2541885170485,
      958.62709425852427
    ],
    "levels" : [
      0,
      1
    ],
    "scales" : [
      7246300.5505839549,
      3623150.2752919775
    ],
    "dpi" : 96,
    "type" : "RasterLODInfos"
  },
  "blockWidth" : 256,
  "blockHeight" : 256,
  "bandCount" : 1,
  "pixelType" : 10,
  "pixelSizeX" : 958.62709425852449,
  "pixelSizeY" : 958.62709425852427,
  "format" : "Cache/RAW",
  "compressionType" : "",
  "firstPyramidLevel" : 1,
  "maximumPyramidLevel" : 0,
  "packetSize" : 12,
  "compressionQuality" : 0,
  "pyramidResamplingType" : 0,
  "properties" : {
    "KIND" : "IMAGE",
    "BAND_COUNT" : "1",
    "HAS_TABLE" : "0",
    "HAS_XFORM" : "0",
    "BSQ" : "0",
    "BandProperties" : [
      {
        "NoData" : "0",
        "BandName" : "tropospheric_NO2_column_number_density",
        "type" : "PropertySet"
      }
    ],
    "DataType" : "Generic",
    "type" : "PropertySet"
  },
  "statistics" : [
    {
      "min" : 2.2082625269102594e-05,
      "max" : 0.00010979514763825996,
      "mean" : 5.2057117121586484e-05,
      "standardDeviation" : 1.7172546048571886e-05,
      "sum" : 0.12441650992059169,
      "median" : 5.1320132725488386e-05,
      "skipX" : 1,
      "skipY" : 1,
      "count" : 2390,
      "covariances" : "0.000000"
    }
  ],
  "histograms" : [
    {
      "size" : 256,
      "min" : 2.2082625269102594e-05,
      "max" : 0.00010979514763825996,
      "counts" : [
        1,
        2,
        1,
        3,
        2,
        5,
        9,
        7,
        16,
        20,
        24,
        30,
        26,
        8,
        10,
        10,
        10,
        12,
        12,
        5,
        4,
        4,
        11,
        10,
        11,
        9,
        10,
        4,
        19,
        19,
        25,
        15,
        12,
        17,
        12,
        17,
        15,
        11,
        23,
        19,
        20,
        26,
        31,
        26,
        20,
        31,
        23,
        18,
        16,
        23,
        23,
        14,
        10,
        8,
        19,
        17,
        8,
        7,
        11,
        19,
        13,
        6,
        18,
        12,
        14,
        15,
        18,
        19,
        16,
        15,
        16,
        10,
        17,
        13,
        15,
        13,
        8,
        15,
        9,
        12,
        10,
        13,
        20,
        15,
        11,
        15,
        18,
        16,
        13,
        17,
        10,
        20,
        14,
        14,
        8,
        13,
        9,
        20,
        13,
        16,
        16,
        19,
        14,
        14,
        15,
        6,
        23,
        17,
        12,
        17,
        11,
        21,
        13,
        14,
        15,
        23,
        24,
        13,
        13,
        16,
        16,
        14,
        24,
        17,
        16,
        18,
        18,
        16,
        14,
        18,
        16,
        10,
        10,
        16,
        16,
        12,
        10,
        13,
        8,
        13,
        9,
        8,
        12,
        11,
        12,
        16,
        11,
        10,
        6,
        6,
        6,
        8,
        6,
        5,
        10,
        13,
        7,
        6,
        5,
        16,
        5,
        7,
        7,
        5,
        7,
        3,
        7,
        4,
        3,
        4,
        3,
        2,
        8,
        5,
        4,
        5,
        1,
        3,
        4,
        10,
        2,
        3,
        6,
        3,
        5,
        5,
        0,
        0,
        3,
        3,
        4,
        5,
        1,
        1,
        2,
        2,
        1,
        4,
        2,
        2,
        0,
        5,
        3,
        2,
        2,
        1,
        2,
        2,
        0,
        2,
        0,
        0,
        3,
        1,
        1,
        1,
        0,
        0,
        0,
        1,
        0,
        1,
        1,
        2,
        1,
        1,
        0,
        0,
        0,
        0,
        0,
        0,
        0,
        0,
        1,
        0,
        0,
        0,
        0,
        0,
        0,
        0,
        0,
        0,
        0,
        0,
        0,
        0,
        1,
        0,
        0,
        0,
        0,
        1,
        0,
        1
      ]
    }
  ],
  "type" : "RasterInfo"
}