{
  "origin" : {
    "x" : 194121.643224369909,
    "y" : 2662383.45870195189,
    "spatialReference" : {
      "wkid" : 32646,
      "latestWkid" : 32646
    }
  },
  "extent" : {
    "xmin" : 194121.643224369909,
    "ymin" : 2602948.57885792339,
    "xmax" : 270811.810765051865,
    "ymax" : 2662383.45870195189,
    "spatialReference" : {
      "wkid" : 32646,
      "latestWkid" : 32646
    }
  },
  "geodataXform" : {
    "spatialReference" : {
      "wkid" : 32646,
      "latestWkid" : 32646
    },
    "type" : "IdentityXform"
  },
  "LODInfos" : {
    "resolutions" : [
      1917.2541885170485,
      958.62709425852427
    ],
    "levels" : [
      0,
      1
    ],
    "scales" : [
      7246300.5505839549,
      3623150.2752919775
    ],
    "dpi" : 96,
    "type" : "RasterLODInfos"
  },
  "blockWidth" : 256,
  "blockHeight" : 256,
  "bandCount" : 1,
  "pixelType" : 10,
  "pixelSizeX" : 958.62709425852449,
  "pixelSizeY" : 958.62709425852427,
  "format" : "Cache/RAW",
  "compressionType" : "",
  "firstPyramidLevel" : 1,
  "maximumPyramidLevel" : 0,
  "packetSize" : 12,
  "compressionQuality" : 0,
  "pyramidResamplingType" : 0,
  "properties" : {
    "KIND" : "IMAGE",
    "BAND_COUNT" : "1",
    "HAS_TABLE" : "0",
    "HAS_XFORM" : "0",
    "BSQ" : "0",
    "BandProperties" : [
      {
        "NoData" : "0",
        "BandName" : "tropospheric_NO2_column_number_density",
        "type" : "PropertySet"
      }
    ],
    "DataType" : "Generic",
    "type" : "PropertySet"
  },
  "statistics" : [
    {
      "min" : 4.6288299491564864e-05,
      "max" : 0.0005673521555207557,
      "mean" : 0.00024171975840313022,
      "standardDeviation" : 0.00014117857874282994,
      "sum" : 0.57771022258348126,
      "median" : 0.00022610641451340329,
      "mode" : 5.6505237845078412e-05,
      "skipX" : 1,
      "skipY" : 1,
      "count" : 2390,
      "covariances" : "0.000000"
    }
  ],
  "histograms" : [
    {
      "size" : 256,
      "min" : 4.6288299491564864e-05,
      "max" : 0.0005673521555207557,
      "counts" : [
        4,
        9,
        7,
        25,
        43,
        45,
        34,
        39,
        36,
        29,
        26,
        22,
        19,
        12,
        9,
        19,
        22,
        23,
        16,
        13,
        22,
        35,
        18,
        22,
        17,
        12,
        15,
        9,
        15,
        15,
        12,
        13,
        4,
        11,
        6,
        6,
        8,
        6,
        8,
        6,
        11,
        10,
        5,
        6,
        12,
        7,
        5,
        5,
        9,
        5,
        4,
        8,
        7,
        7,
        14,
        8,
        13,
        9,
        7,
        7,
        10,
        12,
        6,
        10,
        13,
        15,
        7,
        11,
        13,
        10,
        12,
        6,
        7,
        19,
        16,
        11,
        14,
        6,
        15,
        9,
        9,
        12,
        10,
        12,
        11,
        12,
        13,
        15,
        12,
        12,
        16,
        7,
        12,
        9,
        10,
        3,
        10,
        14,
        8,
        9,
        7,
        11,
        10,
        7,
        11,
        13,
        4,
        11,
        4,
        12,
        5,
        13,
        8,
        10,
        9,
        10,
        10,
        6,
        6,
        12,
        7,
        14,
        10,
        11,
        9,
        9,
        5,
        9,
        7,
        12,
        14,
        10,
        8,
        10,
        6,
        6,
        9,
        12,
        4,
        7,
        9,
        7,
        5,
        10,
        11,
        10,
        5,
        12,
        11,
        7,
        13,
        13,
        14,
        11,
        8,
        11,
        24,
        18,
        11,
        16,
        14,
        23,
        19,
        18,
        13,
        15,
        16,
        11,
        8,
        7,
        7,
        4,
        11,
        7,
        9,
        5,
        5,
        9,
        5,
        6,
        7,
        3,
        2,
        6,
        6,
        2,
        8,
        1,
        2,
        3,
        4,
        3,
        4,
        7,
        4,
        3,
        3,
        3,
        4,
        1,
        4,
        4,
        3,
        2,
        4,
        1,
        4,
        3,
        7,
        2,
        3,
        6,
        5,
        6,
        5,
        4,
        7,
        5,
        6,
        3,
        4,
        2,
        2,
        2,
        1,
        6,
        4,
        3,
        9,
        4,
        5,
        7,
        6,
        6,
        4,
        1,
        3,
        4,
        6,
        5,
        5,
        3,
        3,
        5,
        1,
        3,
        2,
        5,
        4,
        2,
        1,
        1,
        2,
        0,
        3,
        1
      ]
    }
  ],
  "type" : "RasterInfo"
}