{
  "origin" : {
    "x" : 194121.643224369909,
    "y" : 2662383.45870195189,
    "spatialReference" : {
      "wkid" : 32646,
      "latestWkid" : 32646
    }
  },
  "extent" : {
    "xmin" : 194121.643224369909,
    "ymin" : 2602948.57885792339,
    "xmax" : 270811.810765051865,
    "ymax" : 2662383.45870195189,
    "spatialReference" : {
      "wkid" : 32646,
      "latestWkid" : 32646
    }
  },
  "geodataXform" : {
    "spatialReference" : {
      "wkid" : 32646,
      "latestWkid" : 32646
    },
    "type" : "IdentityXform"
  },
  "LODInfos" : {
    "resolutions" : [
      1917.2541885170485,
      958.62709425852427
    ],
    "levels" : [
      0,
      1
    ],
    "scales" : [
      7246300.5505839549,
      3623150.2752919775
    ],
    "dpi" : 96,
    "type" : "RasterLODInfos"
  },
  "blockWidth" : 256,
  "blockHeight" : 256,
  "bandCount" : 1,
  "pixelType" : 10,
  "pixelSizeX" : 958.62709425852449,
  "pixelSizeY" : 958.62709425852427,
  "format" : "Cache/RAW",
  "compressionType" : "",
  "firstPyramidLevel" : 1,
  "maximumPyramidLevel" : 0,
  "packetSize" : 12,
  "compressionQuality" : 0,
  "pyramidResamplingType" : 0,
  "properties" : {
    "KIND" : "IMAGE",
    "BAND_COUNT" : "1",
    "HAS_TABLE" : "0",
    "HAS_XFORM" : "0",
    "BSQ" : "0",
    "BandProperties" : [
      {
        "NoData" : "0",
        "BandName" : "tropospheric_NO2_column_number_density",
        "type" : "PropertySet"
      }
    ],
    "DataType" : "Generic",
    "type" : "PropertySet"
  },
  "statistics" : [
    {
      "min" : 6.1618568240672647e-05,
      "max" : 0.00030008342787483152,
      "mean" : 0.00015795785233962227,
      "standardDeviation" : 4.7833885082161066e-05,
      "sum" : 0.3775192670916972,
      "median" : 0.00015606935578204537,
      "mode" : 0.00017944826358931584,
      "skipX" : 1,
      "skipY" : 1,
      "count" : 2390,
      "covariances" : "0.000000"
    }
  ],
  "histograms" : [
    {
      "size" : 256,
      "min" : 6.1618568240672647e-05,
      "max" : 0.00030008342787483152,
      "counts" : [
        1,
        0,
        0,
        0,
        1,
        0,
        0,
        0,
        1,
        0,
        1,
        1,
        1,
        2,
        1,
        2,
        0,
        1,
        1,
        2,
        4,
        8,
        8,
        9,
        12,
        15,
        19,
        18,
        18,
        10,
        12,
        16,
        19,
        8,
        19,
        9,
        21,
        19,
        15,
        14,
        13,
        14,
        14,
        17,
        24,
        11,
        19,
        19,
        19,
        19,
        12,
        12,
        26,
        17,
        17,
        21,
        16,
        10,
        12,
        16,
        17,
        10,
        12,
        18,
        28,
        21,
        25,
        26,
        21,
        12,
        14,
        21,
        15,
        13,
        11,
        11,
        11,
        7,
        13,
        14,
        8,
        8,
        15,
        5,
        14,
        11,
        17,
        15,
        12,
        12,
        15,
        8,
        14,
        9,
        11,
        16,
        10,
        10,
        15,
        11,
        10,
        13,
        5,
        11,
        5,
        15,
        7,
        12,
        15,
        16,
        22,
        10,
        7,
        9,
        12,
        11,
        8,
        15,
        13,
        16,
        15,
        13,
        23,
        16,
        19,
        16,
        30,
        27,
        14,
        17,
        18,
        14,
        15,
        12,
        22,
        18,
        13,
        17,
        21,
        21,
        15,
        18,
        20,
        24,
        20,
        14,
        19,
        20,
        16,
        10,
        18,
        17,
        15,
        8,
        5,
        18,
        16,
        12,
        14,
        9,
        9,
        8,
        7,
        7,
        12,
        9,
        12,
        6,
        8,
        7,
        2,
        3,
        9,
        5,
        8,
        9,
        5,
        5,
        6,
        2,
        4,
        10,
        8,
        3,
        6,
        10,
        5,
        7,
        8,
        9,
        5,
        3,
        4,
        4,
        5,
        5,
        6,
        2,
        3,
        4,
        6,
        4,
        1,
        1,
        1,
        2,
        1,
        3,
        2,
        0,
        0,
        0,
        2,
        2,
        3,
        0,
        0,
        4,
        2,
        4,
        3,
        0,
        0,
        0,
        1,
        1,
        3,
        0,
        2,
        1,
        0,
        0,
        0,
        0,
        0,
        2,
        0,
        0,
        0,
        0,
        1,
        5,
        0,
        1,
        0,
        0,
        0,
        0,
        0,
        0,
        0,
        4,
        1,
        1,
        2,
        1
      ]
    }
  ],
  "type" : "RasterInfo"
}