{
  "origin" : {
    "x" : 194121.643224369909,
    "y" : 2662383.45870195189,
    "spatialReference" : {
      "wkid" : 32646,
      "latestWkid" : 32646
    }
  },
  "extent" : {
    "xmin" : 194121.643224369909,
    "ymin" : 2602948.57885792339,
    "xmax" : 270811.810765051865,
    "ymax" : 2662383.45870195189,
    "spatialReference" : {
      "wkid" : 32646,
      "latestWkid" : 32646
    }
  },
  "geodataXform" : {
    "spatialReference" : {
      "wkid" : 32646,
      "latestWkid" : 32646
    },
    "type" : "IdentityXform"
  },
  "LODInfos" : {
    "resolutions" : [
      1917.2541885170485,
      958.62709425852427
    ],
    "levels" : [
      0,
      1
    ],
    "scales" : [
      7246300.5505839549,
      3623150.2752919775
    ],
    "dpi" : 96,
    "type" : "RasterLODInfos"
  },
  "blockWidth" : 256,
  "blockHeight" : 256,
  "bandCount" : 1,
  "pixelType" : 10,
  "pixelSizeX" : 958.62709425852449,
  "pixelSizeY" : 958.62709425852427,
  "format" : "Cache/RAW",
  "compressionType" : "",
  "firstPyramidLevel" : 1,
  "maximumPyramidLevel" : 0,
  "packetSize" : 12,
  "compressionQuality" : 0,
  "pyramidResamplingType" : 0,
  "properties" : {
    "KIND" : "IMAGE",
    "BAND_COUNT" : "1",
    "HAS_TABLE" : "0",
    "HAS_XFORM" : "0",
    "BSQ" : "0",
    "BandProperties" : [
      {
        "NoData" : "0",
        "BandName" : "tropospheric_NO2_column_number_density",
        "type" : "PropertySet"
      }
    ],
    "DataType" : "Generic",
    "type" : "PropertySet"
  },
  "statistics" : [
    {
      "min" : 3.8048243855635011e-05,
      "max" : 0.00038463946902934026,
      "mean" : 0.00015877971364841036,
      "standardDeviation" : 8.9506201145540606e-05,
      "sum" : 0.37948351561970078,
      "median" : 0.00014678274587091508,
      "mode" : 6.2513506809073024e-05,
      "skipX" : 1,
      "skipY" : 1,
      "count" : 2390,
      "covariances" : "0.000000"
    }
  ],
  "histograms" : [
    {
      "size" : 256,
      "min" : 3.8048243855635011e-05,
      "max" : 0.00038463946902934026,
      "counts" : [
        1,
        0,
        7,
        19,
        13,
        18,
        7,
        6,
        7,
        9,
        24,
        26,
        25,
        24,
        36,
        37,
        52,
        72,
        97,
        46,
        35,
        34,
        28,
        18,
        22,
        16,
        15,
        21,
        19,
        12,
        8,
        9,
        11,
        20,
        10,
        8,
        4,
        9,
        6,
        7,
        4,
        7,
        4,
        4,
        3,
        2,
        5,
        9,
        3,
        6,
        4,
        5,
        6,
        3,
        6,
        4,
        5,
        14,
        11,
        10,
        21,
        15,
        9,
        16,
        11,
        13,
        12,
        7,
        13,
        7,
        15,
        13,
        11,
        8,
        15,
        13,
        11,
        12,
        4,
        4,
        14,
        10,
        11,
        7,
        17,
        9,
        13,
        13,
        12,
        13,
        17,
        14,
        8,
        10,
        16,
        11,
        8,
        10,
        14,
        6,
        8,
        9,
        3,
        19,
        8,
        6,
        9,
        10,
        9,
        9,
        7,
        8,
        8,
        12,
        12,
        14,
        7,
        10,
        7,
        7,
        5,
        8,
        6,
        5,
        4,
        7,
        6,
        7,
        2,
        5,
        9,
        6,
        9,
        13,
        12,
        11,
        7,
        9,
        23,
        13,
        13,
        13,
        16,
        6,
        11,
        9,
        11,
        11,
        9,
        18,
        10,
        13,
        18,
        14,
        15,
        11,
        2,
        15,
        10,
        6,
        8,
        5,
        12,
        9,
        11,
        6,
        7,
        10,
        8,
        12,
        1,
        8,
        4,
        8,
        9,
        11,
        9,
        4,
        4,
        8,
        0,
        1,
        4,
        7,
        5,
        1,
        4,
        3,
        9,
        3,
        2,
        3,
        4,
        6,
        1,
        6,
        4,
        7,
        4,
        3,
        7,
        3,
        5,
        2,
        5,
        3,
        3,
        3,
        8,
        5,
        2,
        5,
        3,
        6,
        5,
        4,
        7,
        8,
        4,
        2,
        2,
        1,
        0,
        4,
        5,
        2,
        2,
        2,
        4,
        4,
        3,
        4,
        1,
        5,
        0,
        5,
        4,
        2,
        1,
        2,
        1,
        2,
        2,
        2,
        1,
        0,
        1,
        1,
        5,
        1,
        1,
        0,
        1,
        0,
        1,
        1
      ]
    }
  ],
  "type" : "RasterInfo"
}