{
  "origin" : {
    "x" : 194121.643224369909,
    "y" : 2662383.45870195189,
    "spatialReference" : {
      "wkid" : 32646,
      "latestWkid" : 32646
    }
  },
  "extent" : {
    "xmin" : 194121.643224369909,
    "ymin" : 2602948.57885792339,
    "xmax" : 270811.810765051865,
    "ymax" : 2662383.45870195189,
    "spatialReference" : {
      "wkid" : 32646,
      "latestWkid" : 32646
    }
  },
  "geodataXform" : {
    "spatialReference" : {
      "wkid" : 32646,
      "latestWkid" : 32646
    },
    "type" : "IdentityXform"
  },
  "LODInfos" : {
    "resolutions" : [
      1917.2541885170485,
      958.62709425852427
    ],
    "levels" : [
      0,
      1
    ],
    "scales" : [
      7246300.5505839549,
      3623150.2752919775
    ],
    "dpi" : 96,
    "type" : "RasterLODInfos"
  },
  "blockWidth" : 256,
  "blockHeight" : 256,
  "bandCount" : 1,
  "pixelType" : 10,
  "pixelSizeX" : 958.62709425852449,
  "pixelSizeY" : 958.62709425852427,
  "format" : "Cache/RAW",
  "compressionType" : "",
  "firstPyramidLevel" : 1,
  "maximumPyramidLevel" : 0,
  "packetSize" : 12,
  "compressionQuality" : 0,
  "pyramidResamplingType" : 0,
  "properties" : {
    "KIND" : "IMAGE",
    "BAND_COUNT" : "1",
    "HAS_TABLE" : "0",
    "HAS_XFORM" : "0",
    "BSQ" : "0",
    "BandProperties" : [
      {
        "NoData" : "0",
        "BandName" : "tropospheric_NO2_column_number_density",
        "type" : "PropertySet"
      }
    ],
    "DataType" : "Generic",
    "type" : "PropertySet"
  },
  "statistics" : [
    {
      "min" : 4.0844231627527079e-05,
      "max" : 0.00034779785297383035,
      "mean" : 0.00017936626906717059,
      "standardDeviation" : 8.6082584451936006e-05,
      "sum" : 0.42868538307053772,
      "median" : 0.0001756630770815897,
      "skipX" : 1,
      "skipY" : 1,
      "count" : 2390,
      "covariances" : "0.000000"
    }
  ],
  "histograms" : [
    {
      "size" : 256,
      "min" : 4.0844231627527079e-05,
      "max" : 0.00034779785297383035,
      "counts" : [
        1,
        4,
        0,
        6,
        5,
        31,
        28,
        14,
        16,
        18,
        29,
        8,
        20,
        12,
        8,
        9,
        18,
        17,
        19,
        20,
        27,
        9,
        6,
        8,
        10,
        11,
        12,
        15,
        10,
        14,
        14,
        12,
        8,
        7,
        17,
        5,
        6,
        10,
        12,
        7,
        4,
        8,
        6,
        7,
        4,
        6,
        8,
        8,
        6,
        6,
        12,
        7,
        8,
        9,
        7,
        8,
        11,
        13,
        11,
        12,
        17,
        6,
        17,
        8,
        17,
        18,
        16,
        15,
        17,
        10,
        9,
        11,
        12,
        16,
        8,
        10,
        5,
        9,
        10,
        11,
        6,
        6,
        12,
        10,
        4,
        12,
        7,
        9,
        7,
        10,
        8,
        7,
        8,
        10,
        3,
        9,
        9,
        9,
        11,
        5,
        9,
        17,
        5,
        7,
        9,
        6,
        11,
        9,
        13,
        13,
        12,
        10,
        14,
        15,
        9,
        11,
        5,
        10,
        10,
        11,
        6,
        10,
        10,
        8,
        6,
        9,
        9,
        8,
        7,
        10,
        9,
        4,
        4,
        5,
        3,
        8,
        9,
        7,
        12,
        4,
        6,
        5,
        5,
        9,
        11,
        8,
        4,
        5,
        13,
        13,
        8,
        10,
        9,
        11,
        8,
        12,
        7,
        8,
        5,
        19,
        3,
        5,
        9,
        14,
        11,
        4,
        11,
        12,
        12,
        6,
        4,
        9,
        11,
        5,
        4,
        4,
        12,
        9,
        7,
        6,
        12,
        28,
        17,
        16,
        21,
        23,
        16,
        19,
        15,
        31,
        9,
        8,
        12,
        15,
        9,
        11,
        4,
        8,
        4,
        12,
        15,
        9,
        15,
        12,
        14,
        6,
        14,
        9,
        5,
        6,
        8,
        12,
        6,
        10,
        13,
        11,
        10,
        15,
        6,
        8,
        3,
        2,
        1,
        8,
        6,
        3,
        6,
        4,
        2,
        4,
        3,
        3,
        2,
        2,
        6,
        4,
        1,
        5,
        5,
        2,
        8,
        8,
        8,
        6,
        3,
        3,
        8,
        6,
        1,
        7,
        3,
        3,
        2,
        0,
        1,
        1
      ]
    }
  ],
  "type" : "RasterInfo"
}