{
  "origin" : {
    "x" : 194121.643224369909,
    "y" : 2662383.45870195189,
    "spatialReference" : {
      "wkid" : 32646,
      "latestWkid" : 32646
    }
  },
  "extent" : {
    "xmin" : 194121.643224369909,
    "ymin" : 2602948.57885792339,
    "xmax" : 270811.810765051865,
    "ymax" : 2662383.45870195189,
    "spatialReference" : {
      "wkid" : 32646,
      "latestWkid" : 32646
    }
  },
  "geodataXform" : {
    "spatialReference" : {
      "wkid" : 32646,
      "latestWkid" : 32646
    },
    "type" : "IdentityXform"
  },
  "LODInfos" : {
    "resolutions" : [
      1917.2541885170485,
      958.62709425852427
    ],
    "levels" : [
      0,
      1
    ],
    "scales" : [
      7246300.5505839549,
      3623150.2752919775
    ],
    "dpi" : 96,
    "type" : "RasterLODInfos"
  },
  "blockWidth" : 256,
  "blockHeight" : 256,
  "bandCount" : 1,
  "pixelType" : 10,
  "pixelSizeX" : 958.62709425852449,
  "pixelSizeY" : 958.62709425852427,
  "format" : "Cache/RAW",
  "compressionType" : "",
  "firstPyramidLevel" : 1,
  "maximumPyramidLevel" : 0,
  "packetSize" : 12,
  "compressionQuality" : 0,
  "pyramidResamplingType" : 0,
  "properties" : {
    "KIND" : "IMAGE",
    "BAND_COUNT" : "1",
    "HAS_TABLE" : "0",
    "HAS_XFORM" : "0",
    "BSQ" : "0",
    "BandProperties" : [
      {
        "NoData" : "0",
        "BandName" : "tropospheric_NO2_column_number_density",
        "type" : "PropertySet"
      }
    ],
    "DataType" : "Generic",
    "type" : "PropertySet"
  },
  "statistics" : [
    {
      "min" : 1.9428265402878471e-05,
      "max" : 9.6664463940292672e-05,
      "mean" : 4.9793495831292802e-05,
      "standardDeviation" : 1.352815673991227e-05,
      "sum" : 0.11900645503678979,
      "median" : 5.032274481784415e-05,
      "mode" : 5.6077598826514226e-05,
      "skipX" : 1,
      "skipY" : 1,
      "count" : 2390,
      "covariances" : "0.000000"
    }
  ],
  "histograms" : [
    {
      "size" : 256,
      "min" : 1.9428265402878471e-05,
      "max" : 9.6664463940292672e-05,
      "counts" : [
        3,
        0,
        0,
        0,
        0,
        0,
        1,
        3,
        0,
        3,
        2,
        0,
        0,
        2,
        0,
        5,
        1,
        4,
        3,
        1,
        4,
        3,
        6,
        7,
        5,
        8,
        4,
        7,
        12,
        17,
        14,
        9,
        14,
        16,
        11,
        12,
        22,
        20,
        14,
        22,
        19,
        19,
        24,
        16,
        14,
        11,
        12,
        3,
        13,
        10,
        5,
        9,
        12,
        19,
        14,
        14,
        22,
        19,
        21,
        6,
        25,
        13,
        12,
        11,
        20,
        12,
        12,
        19,
        12,
        12,
        13,
        13,
        21,
        9,
        14,
        18,
        24,
        17,
        18,
        11,
        11,
        21,
        17,
        14,
        11,
        14,
        14,
        14,
        13,
        20,
        15,
        17,
        20,
        16,
        18,
        20,
        9,
        16,
        8,
        18,
        13,
        21,
        28,
        19,
        23,
        19,
        25,
        18,
        22,
        13,
        26,
        23,
        16,
        21,
        25,
        23,
        20,
        13,
        14,
        18,
        18,
        29,
        12,
        17,
        24,
        26,
        21,
        23,
        10,
        21,
        15,
        16,
        18,
        17,
        11,
        20,
        17,
        21,
        13,
        16,
        14,
        12,
        13,
        18,
        22,
        18,
        14,
        9,
        11,
        20,
        10,
        16,
        10,
        18,
        11,
        19,
        7,
        8,
        3,
        7,
        13,
        7,
        10,
        8,
        5,
        8,
        6,
        4,
        4,
        1,
        1,
        3,
        6,
        3,
        6,
        12,
        3,
        11,
        0,
        8,
        3,
        5,
        8,
        8,
        3,
        2,
        6,
        2,
        3,
        3,
        4,
        2,
        5,
        7,
        5,
        2,
        4,
        2,
        1,
        1,
        2,
        0,
        2,
        1,
        1,
        1,
        2,
        2,
        0,
        0,
        3,
        0,
        0,
        0,
        0,
        0,
        0,
        1,
        1,
        0,
        0,
        1,
        0,
        0,
        0,
        0,
        0,
        0,
        0,
        0,
        0,
        0,
        0,
        0,
        0,
        0,
        0,
        0,
        0,
        0,
        0,
        0,
        1,
        1,
        0,
        1,
        0,
        0,
        0,
        0,
        0,
        0,
        0,
        0,
        0,
        1
      ]
    }
  ],
  "type" : "RasterInfo"
}