{
  "origin" : {
    "x" : 194121.643224369909,
    "y" : 2662383.45870195189,
    "spatialReference" : {
      "wkid" : 32646,
      "latestWkid" : 32646
    }
  },
  "extent" : {
    "xmin" : 194121.643224369909,
    "ymin" : 2602948.57885792339,
    "xmax" : 270811.810765051865,
    "ymax" : 2662383.45870195189,
    "spatialReference" : {
      "wkid" : 32646,
      "latestWkid" : 32646
    }
  },
  "geodataXform" : {
    "spatialReference" : {
      "wkid" : 32646,
      "latestWkid" : 32646
    },
    "type" : "IdentityXform"
  },
  "LODInfos" : {
    "resolutions" : [
      1917.2541885170485,
      958.62709425852427
    ],
    "levels" : [
      0,
      1
    ],
    "scales" : [
      7246300.5505839549,
      3623150.2752919775
    ],
    "dpi" : 96,
    "type" : "RasterLODInfos"
  },
  "blockWidth" : 256,
  "blockHeight" : 256,
  "bandCount" : 1,
  "pixelType" : 10,
  "pixelSizeX" : 958.62709425852449,
  "pixelSizeY" : 958.62709425852427,
  "format" : "Cache/RAW",
  "compressionType" : "",
  "firstPyramidLevel" : 1,
  "maximumPyramidLevel" : 0,
  "packetSize" : 12,
  "compressionQuality" : 0,
  "pyramidResamplingType" : 0,
  "properties" : {
    "KIND" : "IMAGE",
    "BAND_COUNT" : "1",
    "HAS_TABLE" : "0",
    "HAS_XFORM" : "0",
    "BSQ" : "0",
    "BandProperties" : [
      {
        "NoData" : "0",
        "BandName" : "tropospheric_NO2_column_number_density",
        "type" : "PropertySet"
      }
    ],
    "DataType" : "Generic",
    "type" : "PropertySet"
  },
  "statistics" : [
    {
      "min" : 4.5448616414009133e-05,
      "max" : 0.00040801943230838383,
      "mean" : 0.00019395833474941933,
      "standardDeviation" : 0.00010078087372819949,
      "sum" : 0.4635604200511122,
      "median" : 0.00019474248178228106,
      "mode" : 5.5401540771893933e-05,
      "skipX" : 1,
      "skipY" : 1,
      "count" : 2390,
      "covariances" : "0.000000"
    }
  ],
  "histograms" : [
    {
      "size" : 256,
      "min" : 4.5448616414009133e-05,
      "max" : 0.00040801943230838383,
      "counts" : [
        12,
        26,
        29,
        21,
        8,
        10,
        41,
        55,
        41,
        31,
        25,
        34,
        16,
        6,
        8,
        10,
        11,
        10,
        15,
        14,
        21,
        13,
        17,
        14,
        10,
        14,
        10,
        18,
        15,
        4,
        10,
        13,
        12,
        13,
        17,
        13,
        8,
        11,
        9,
        2,
        8,
        13,
        9,
        11,
        9,
        9,
        10,
        7,
        4,
        11,
        6,
        14,
        2,
        9,
        6,
        6,
        6,
        9,
        5,
        3,
        11,
        7,
        6,
        9,
        7,
        7,
        9,
        12,
        6,
        9,
        7,
        5,
        7,
        6,
        1,
        8,
        5,
        6,
        11,
        3,
        9,
        6,
        5,
        5,
        11,
        8,
        3,
        6,
        4,
        11,
        7,
        8,
        6,
        14,
        13,
        3,
        8,
        7,
        17,
        12,
        10,
        20,
        8,
        13,
        7,
        13,
        7,
        6,
        7,
        8,
        8,
        7,
        12,
        8,
        9,
        8,
        5,
        6,
        6,
        12,
        3,
        3,
        7,
        7,
        12,
        12,
        4,
        8,
        14,
        8,
        4,
        10,
        14,
        10,
        3,
        6,
        12,
        10,
        13,
        8,
        8,
        12,
        10,
        12,
        7,
        14,
        8,
        12,
        5,
        4,
        11,
        10,
        13,
        9,
        17,
        13,
        8,
        11,
        16,
        24,
        14,
        13,
        7,
        18,
        15,
        11,
        10,
        12,
        21,
        17,
        17,
        12,
        19,
        18,
        21,
        14,
        7,
        16,
        13,
        10,
        9,
        7,
        6,
        9,
        10,
        7,
        7,
        11,
        12,
        11,
        9,
        10,
        11,
        13,
        13,
        7,
        8,
        10,
        3,
        9,
        5,
        8,
        6,
        13,
        10,
        8,
        5,
        9,
        8,
        13,
        10,
        13,
        10,
        4,
        10,
        2,
        4,
        4,
        4,
        5,
        4,
        3,
        1,
        6,
        5,
        1,
        2,
        4,
        4,
        5,
        3,
        5,
        5,
        4,
        1,
        5,
        1,
        0,
        1,
        0,
        1,
        1,
        0,
        0,
        0,
        1,
        2,
        1,
        1,
        1,
        0,
        0,
        1,
        0,
        1,
        1
      ]
    }
  ],
  "type" : "RasterInfo"
}