{
  "origin" : {
    "x" : 194121.643224369909,
    "y" : 2662383.45870195189,
    "spatialReference" : {
      "wkid" : 32646,
      "latestWkid" : 32646
    }
  },
  "extent" : {
    "xmin" : 194121.643224369909,
    "ymin" : 2602948.57885792339,
    "xmax" : 270811.810765051865,
    "ymax" : 2662383.45870195189,
    "spatialReference" : {
      "wkid" : 32646,
      "latestWkid" : 32646
    }
  },
  "geodataXform" : {
    "spatialReference" : {
      "wkid" : 32646,
      "latestWkid" : 32646
    },
    "type" : "IdentityXform"
  },
  "LODInfos" : {
    "resolutions" : [
      1917.2541885170485,
      958.62709425852427
    ],
    "levels" : [
      0,
      1
    ],
    "scales" : [
      7246300.5505839549,
      3623150.2752919775
    ],
    "dpi" : 96,
    "type" : "RasterLODInfos"
  },
  "blockWidth" : 256,
  "blockHeight" : 256,
  "bandCount" : 1,
  "pixelType" : 10,
  "pixelSizeX" : 958.62709425852449,
  "pixelSizeY" : 958.62709425852427,
  "format" : "Cache/RAW",
  "compressionType" : "",
  "firstPyramidLevel" : 1,
  "maximumPyramidLevel" : 0,
  "packetSize" : 12,
  "compressionQuality" : 0,
  "pyramidResamplingType" : 0,
  "properties" : {
    "KIND" : "IMAGE",
    "BAND_COUNT" : "1",
    "HAS_TABLE" : "0",
    "HAS_XFORM" : "0",
    "BSQ" : "0",
    "BandProperties" : [
      {
        "NoData" : "0",
        "BandName" : "tropospheric_NO2_column_number_density",
        "type" : "PropertySet"
      }
    ],
    "DataType" : "Generic",
    "type" : "PropertySet"
  },
  "statistics" : [
    {
      "min" : 4.1923343818277957e-05,
      "max" : 0.00021156120403590135,
      "mean" : 9.7349949369994395e-05,
      "standardDeviation" : 3.0381743428352237e-05,
      "sum" : 0.2326663789942866,
      "median" : 9.9799790245467125e-05,
      "mode" : 4.8575808924851421e-05,
      "skipX" : 1,
      "skipY" : 1,
      "count" : 2390,
      "covariances" : "0.000000"
    }
  ],
  "histograms" : [
    {
      "size" : 256,
      "min" : 4.1923343818277957e-05,
      "max" : 0.00021156120403590135,
      "counts" : [
        9,
        10,
        12,
        8,
        6,
        19,
        16,
        13,
        21,
        22,
        34,
        19,
        14,
        17,
        17,
        24,
        15,
        14,
        9,
        8,
        11,
        16,
        14,
        7,
        13,
        10,
        17,
        14,
        6,
        6,
        11,
        10,
        7,
        7,
        9,
        6,
        5,
        8,
        9,
        11,
        10,
        9,
        4,
        15,
        11,
        11,
        12,
        18,
        7,
        15,
        6,
        8,
        12,
        9,
        6,
        11,
        5,
        8,
        11,
        20,
        22,
        13,
        18,
        14,
        9,
        13,
        20,
        12,
        15,
        8,
        17,
        12,
        8,
        12,
        26,
        14,
        17,
        19,
        22,
        22,
        15,
        15,
        29,
        27,
        27,
        21,
        25,
        25,
        30,
        26,
        17,
        33,
        28,
        29,
        20,
        22,
        21,
        19,
        17,
        21,
        27,
        29,
        23,
        19,
        24,
        30,
        15,
        24,
        23,
        21,
        30,
        20,
        19,
        21,
        22,
        19,
        8,
        6,
        12,
        21,
        19,
        19,
        15,
        15,
        15,
        8,
        11,
        14,
        20,
        12,
        13,
        11,
        7,
        10,
        6,
        11,
        7,
        8,
        11,
        7,
        10,
        6,
        4,
        10,
        11,
        5,
        11,
        3,
        6,
        7,
        6,
        3,
        6,
        4,
        9,
        4,
        2,
        8,
        7,
        11,
        7,
        3,
        4,
        6,
        1,
        2,
        2,
        2,
        8,
        0,
        6,
        7,
        4,
        7,
        6,
        2,
        3,
        5,
        1,
        0,
        3,
        3,
        1,
        1,
        4,
        3,
        0,
        0,
        0,
        2,
        1,
        2,
        1,
        1,
        1,
        2,
        1,
        1,
        1,
        1,
        0,
        0,
        1,
        1,
        0,
        0,
        0,
        0,
        0,
        0,
        0,
        0,
        0,
        1,
        0,
        0,
        0,
        0,
        0,
        0,
        0,
        0,
        1,
        0,
        0,
        0,
        0,
        0,
        0,
        0,
        0,
        0,
        1,
        0,
        0,
        0,
        0,
        0,
        0,
        0,
        0,
        0,
        0,
        0,
        1,
        1,
        0,
        0,
        0,
        0,
        0,
        0,
        0,
        0,
        0,
        1
      ]
    }
  ],
  "type" : "RasterInfo"
}