{
  "origin" : {
    "x" : 194121.643224369909,
    "y" : 2662383.45870195189,
    "spatialReference" : {
      "wkid" : 32646,
      "latestWkid" : 32646
    }
  },
  "extent" : {
    "xmin" : 194121.643224369909,
    "ymin" : 2602948.57885792339,
    "xmax" : 270811.810765051865,
    "ymax" : 2662383.45870195189,
    "spatialReference" : {
      "wkid" : 32646,
      "latestWkid" : 32646
    }
  },
  "geodataXform" : {
    "spatialReference" : {
      "wkid" : 32646,
      "latestWkid" : 32646
    },
    "type" : "IdentityXform"
  },
  "LODInfos" : {
    "resolutions" : [
      1917.2541885170485,
      958.62709425852427
    ],
    "levels" : [
      0,
      1
    ],
    "scales" : [
      7246300.5505839549,
      3623150.2752919775
    ],
    "dpi" : 96,
    "type" : "RasterLODInfos"
  },
  "blockWidth" : 256,
  "blockHeight" : 256,
  "bandCount" : 1,
  "pixelType" : 10,
  "pixelSizeX" : 958.62709425852449,
  "pixelSizeY" : 958.62709425852427,
  "format" : "Cache/RAW",
  "compressionType" : "",
  "firstPyramidLevel" : 1,
  "maximumPyramidLevel" : 0,
  "packetSize" : 12,
  "compressionQuality" : 0,
  "pyramidResamplingType" : 0,
  "properties" : {
    "KIND" : "IMAGE",
    "BAND_COUNT" : "1",
    "HAS_TABLE" : "0",
    "HAS_XFORM" : "0",
    "BSQ" : "0",
    "BandProperties" : [
      {
        "NoData" : "0",
        "BandName" : "tropospheric_NO2_column_number_density",
        "type" : "PropertySet"
      }
    ],
    "DataType" : "Generic",
    "type" : "PropertySet"
  },
  "statistics" : [
    {
      "min" : 2.161407600989544e-05,
      "max" : 0.00011677503837019658,
      "mean" : 5.0636296278188989e-05,
      "standardDeviation" : 1.8124218898331361e-05,
      "sum" : 0.12102074810487168,
      "median" : 4.8856233862060083e-05,
      "mode" : 2.6838599433598247e-05,
      "skipX" : 1,
      "skipY" : 1,
      "count" : 2390,
      "covariances" : "0.000000"
    }
  ],
  "histograms" : [
    {
      "size" : 256,
      "min" : 2.161407600989544e-05,
      "max" : 0.00011677503837019658,
      "counts" : [
        1,
        0,
        2,
        8,
        7,
        4,
        8,
        9,
        5,
        7,
        13,
        17,
        21,
        32,
        36,
        35,
        23,
        27,
        27,
        31,
        17,
        32,
        22,
        18,
        18,
        16,
        14,
        19,
        24,
        20,
        14,
        31,
        24,
        24,
        16,
        8,
        18,
        14,
        9,
        9,
        12,
        17,
        9,
        12,
        8,
        19,
        18,
        14,
        11,
        17,
        16,
        15,
        11,
        15,
        16,
        22,
        13,
        6,
        25,
        18,
        11,
        20,
        16,
        11,
        10,
        16,
        19,
        23,
        17,
        24,
        21,
        14,
        10,
        12,
        15,
        10,
        13,
        13,
        21,
        11,
        11,
        14,
        11,
        11,
        16,
        14,
        20,
        11,
        16,
        22,
        8,
        21,
        21,
        19,
        10,
        19,
        17,
        17,
        16,
        16,
        15,
        19,
        22,
        25,
        28,
        25,
        29,
        16,
        17,
        17,
        23,
        16,
        21,
        19,
        9,
        13,
        18,
        11,
        9,
        8,
        3,
        12,
        15,
        13,
        8,
        6,
        14,
        10,
        5,
        11,
        7,
        9,
        11,
        4,
        4,
        4,
        9,
        3,
        9,
        11,
        5,
        7,
        7,
        11,
        6,
        7,
        6,
        4,
        7,
        5,
        4,
        3,
        2,
        10,
        3,
        4,
        5,
        3,
        5,
        8,
        3,
        8,
        5,
        7,
        5,
        5,
        1,
        10,
        5,
        3,
        5,
        2,
        2,
        2,
        2,
        7,
        3,
        7,
        6,
        4,
        7,
        5,
        5,
        1,
        3,
        4,
        2,
        2,
        0,
        0,
        1,
        1,
        0,
        3,
        2,
        0,
        0,
        1,
        1,
        0,
        0,
        4,
        0,
        2,
        2,
        2,
        1,
        0,
        0,
        1,
        0,
        0,
        1,
        1,
        0,
        2,
        3,
        1,
        0,
        1,
        2,
        0,
        1,
        1,
        0,
        0,
        1,
        0,
        0,
        0,
        0,
        0,
        0,
        0,
        0,
        0,
        0,
        0,
        1,
        1,
        0,
        0,
        0,
        0,
        0,
        0,
        0,
        0,
        0,
        0,
        0,
        0,
        0,
        0,
        0,
        1
      ]
    }
  ],
  "type" : "RasterInfo"
}