{
  "origin" : {
    "x" : 194121.643224369909,
    "y" : 2662383.45870195189,
    "spatialReference" : {
      "wkid" : 32646,
      "latestWkid" : 32646
    }
  },
  "extent" : {
    "xmin" : 194121.643224369909,
    "ymin" : 2602948.57885792339,
    "xmax" : 270811.810765051865,
    "ymax" : 2662383.45870195189,
    "spatialReference" : {
      "wkid" : 32646,
      "latestWkid" : 32646
    }
  },
  "geodataXform" : {
    "spatialReference" : {
      "wkid" : 32646,
      "latestWkid" : 32646
    },
    "type" : "IdentityXform"
  },
  "LODInfos" : {
    "resolutions" : [
      1917.2541885170485,
      958.62709425852427
    ],
    "levels" : [
      0,
      1
    ],
    "scales" : [
      7246300.5505839549,
      3623150.2752919775
    ],
    "dpi" : 96,
    "type" : "RasterLODInfos"
  },
  "blockWidth" : 256,
  "blockHeight" : 256,
  "bandCount" : 1,
  "pixelType" : 10,
  "pixelSizeX" : 958.62709425852449,
  "pixelSizeY" : 958.62709425852427,
  "format" : "Cache/RAW",
  "compressionType" : "",
  "firstPyramidLevel" : 1,
  "maximumPyramidLevel" : 0,
  "packetSize" : 12,
  "compressionQuality" : 0,
  "pyramidResamplingType" : 0,
  "properties" : {
    "KIND" : "IMAGE",
    "BAND_COUNT" : "1",
    "HAS_TABLE" : "0",
    "HAS_XFORM" : "0",
    "BSQ" : "0",
    "BandProperties" : [
      {
        "NoData" : "0",
        "BandName" : "tropospheric_NO2_column_number_density",
        "type" : "PropertySet"
      }
    ],
    "DataType" : "Generic",
    "type" : "PropertySet"
  },
  "statistics" : [
    {
      "min" : 3.9921712564078149e-05,
      "max" : 0.00040951858954975531,
      "mean" : 0.00014526890166287101,
      "standardDeviation" : 7.1892388273759683e-05,
      "sum" : 0.34719267497426171,
      "median" : 0.00013558208072507694,
      "mode" : 6.3112104845532404e-05,
      "skipX" : 1,
      "skipY" : 1,
      "count" : 2390,
      "covariances" : "0.000000"
    }
  ],
  "histograms" : [
    {
      "size" : 256,
      "min" : 3.9921712564078149e-05,
      "max" : 0.00040951858954975531,
      "counts" : [
        4,
        13,
        15,
        22,
        15,
        8,
        12,
        13,
        16,
        20,
        19,
        21,
        20,
        25,
        23,
        27,
        33,
        29,
        30,
        30,
        17,
        20,
        19,
        15,
        12,
        15,
        14,
        21,
        21,
        24,
        18,
        17,
        24,
        22,
        19,
        12,
        16,
        17,
        17,
        19,
        23,
        21,
        24,
        13,
        17,
        21,
        16,
        15,
        27,
        20,
        20,
        17,
        17,
        10,
        23,
        11,
        12,
        20,
        20,
        8,
        11,
        11,
        16,
        18,
        14,
        13,
        16,
        21,
        16,
        11,
        20,
        19,
        19,
        13,
        19,
        23,
        14,
        24,
        27,
        16,
        15,
        12,
        13,
        11,
        15,
        9,
        18,
        9,
        14,
        10,
        14,
        10,
        13,
        14,
        15,
        10,
        14,
        16,
        6,
        11,
        9,
        13,
        20,
        14,
        12,
        9,
        12,
        14,
        9,
        11,
        13,
        16,
        9,
        11,
        9,
        18,
        15,
        10,
        10,
        14,
        16,
        13,
        11,
        12,
        13,
        10,
        14,
        14,
        8,
        11,
        4,
        6,
        12,
        11,
        8,
        7,
        10,
        8,
        8,
        8,
        8,
        11,
        13,
        9,
        4,
        3,
        4,
        6,
        3,
        6,
        5,
        1,
        5,
        2,
        7,
        5,
        3,
        8,
        2,
        2,
        6,
        12,
        2,
        4,
        3,
        5,
        5,
        5,
        4,
        2,
        2,
        3,
        2,
        3,
        0,
        3,
        0,
        1,
        3,
        6,
        0,
        0,
        1,
        3,
        0,
        0,
        1,
        2,
        1,
        1,
        4,
        0,
        1,
        0,
        1,
        1,
        0,
        4,
        2,
        1,
        0,
        0,
        1,
        1,
        0,
        1,
        3,
        2,
        1,
        0,
        1,
        0,
        2,
        0,
        1,
        0,
        2,
        2,
        4,
        1,
        0,
        0,
        0,
        2,
        0,
        0,
        0,
        0,
        3,
        0,
        0,
        2,
        1,
        2,
        0,
        0,
        2,
        0,
        0,
        0,
        0,
        0,
        0,
        0,
        0,
        0,
        0,
        0,
        0,
        0,
        1,
        0,
        0,
        2,
        0,
        1
      ]
    }
  ],
  "type" : "RasterInfo"
}