{
  "origin" : {
    "x" : 194121.643224369909,
    "y" : 2662383.45870195189,
    "spatialReference" : {
      "wkid" : 32646,
      "latestWkid" : 32646
    }
  },
  "extent" : {
    "xmin" : 194121.643224369909,
    "ymin" : 2602948.57885792339,
    "xmax" : 270811.810765051865,
    "ymax" : 2662383.45870195189,
    "spatialReference" : {
      "wkid" : 32646,
      "latestWkid" : 32646
    }
  },
  "geodataXform" : {
    "spatialReference" : {
      "wkid" : 32646,
      "latestWkid" : 32646
    },
    "type" : "IdentityXform"
  },
  "LODInfos" : {
    "resolutions" : [
      1917.2541885170485,
      958.62709425852427
    ],
    "levels" : [
      0,
      1
    ],
    "scales" : [
      7246300.5505839549,
      3623150.2752919775
    ],
    "dpi" : 96,
    "type" : "RasterLODInfos"
  },
  "blockWidth" : 256,
  "blockHeight" : 256,
  "bandCount" : 1,
  "pixelType" : 10,
  "pixelSizeX" : 958.62709425852449,
  "pixelSizeY" : 958.62709425852427,
  "format" : "Cache/RAW",
  "compressionType" : "",
  "firstPyramidLevel" : 1,
  "maximumPyramidLevel" : 0,
  "packetSize" : 12,
  "compressionQuality" : 0,
  "pyramidResamplingType" : 0,
  "properties" : {
    "KIND" : "IMAGE",
    "BAND_COUNT" : "1",
    "HAS_TABLE" : "0",
    "HAS_XFORM" : "0",
    "BSQ" : "0",
    "BandProperties" : [
      {
        "NoData" : "0",
        "BandName" : "tropospheric_NO2_column_number_density",
        "type" : "PropertySet"
      }
    ],
    "DataType" : "Generic",
    "type" : "PropertySet"
  },
  "statistics" : [
    {
      "min" : 2.8872350681659981e-05,
      "max" : 0.00013998699681676231,
      "mean" : 7.8344677450959988e-05,
      "standardDeviation" : 3.0390145539167071e-05,
      "sum" : 0.18724377910779438,
      "median" : 8.508328931471174e-05,
      "mode" : 3.2794044074663595e-05,
      "skipX" : 1,
      "skipY" : 1,
      "count" : 2390,
      "covariances" : "0.000000"
    }
  ],
  "histograms" : [
    {
      "size" : 256,
      "min" : 2.8872350681659981e-05,
      "max" : 0.00013998699681676231,
      "counts" : [
        14,
        18,
        17,
        22,
        24,
        27,
        24,
        30,
        37,
        42,
        27,
        15,
        19,
        9,
        15,
        8,
        6,
        8,
        4,
        8,
        2,
        5,
        11,
        11,
        20,
        20,
        12,
        6,
        9,
        10,
        7,
        10,
        11,
        12,
        10,
        9,
        16,
        8,
        12,
        2,
        9,
        4,
        7,
        3,
        7,
        6,
        1,
        5,
        9,
        8,
        8,
        4,
        4,
        7,
        14,
        12,
        8,
        5,
        4,
        2,
        9,
        7,
        5,
        5,
        4,
        9,
        3,
        6,
        5,
        4,
        6,
        3,
        9,
        5,
        4,
        7,
        1,
        4,
        4,
        4,
        4,
        7,
        3,
        5,
        5,
        11,
        2,
        8,
        11,
        7,
        2,
        1,
        11,
        10,
        14,
        15,
        9,
        5,
        8,
        8,
        11,
        16,
        5,
        10,
        7,
        3,
        8,
        4,
        6,
        7,
        10,
        9,
        3,
        10,
        4,
        8,
        4,
        12,
        10,
        7,
        12,
        3,
        5,
        15,
        7,
        8,
        11,
        10,
        11,
        9,
        15,
        13,
        11,
        12,
        12,
        9,
        13,
        14,
        11,
        20,
        13,
        17,
        8,
        11,
        15,
        18,
        7,
        9,
        23,
        7,
        12,
        11,
        18,
        19,
        16,
        18,
        10,
        18,
        24,
        21,
        19,
        14,
        12,
        18,
        22,
        24,
        18,
        16,
        9,
        18,
        16,
        17,
        12,
        17,
        25,
        20,
        8,
        16,
        12,
        13,
        9,
        9,
        8,
        16,
        9,
        16,
        19,
        12,
        16,
        6,
        9,
        7,
        13,
        7,
        8,
        10,
        7,
        6,
        6,
        9,
        10,
        8,
        11,
        13,
        13,
        11,
        7,
        12,
        15,
        7,
        7,
        10,
        8,
        8,
        2,
        6,
        0,
        7,
        2,
        4,
        8,
        3,
        3,
        5,
        5,
        4,
        1,
        2,
        1,
        3,
        5,
        3,
        1,
        0,
        1,
        1,
        1,
        2,
        1,
        2,
        5,
        2,
        4,
        2,
        5,
        0,
        0,
        2,
        2,
        0,
        1,
        0,
        0,
        0,
        1,
        1
      ]
    }
  ],
  "type" : "RasterInfo"
}