{
  "origin" : {
    "x" : 194121.643224369909,
    "y" : 2662383.45870195189,
    "spatialReference" : {
      "wkid" : 32646,
      "latestWkid" : 32646
    }
  },
  "extent" : {
    "xmin" : 194121.643224369909,
    "ymin" : 2602948.57885792339,
    "xmax" : 270811.810765051865,
    "ymax" : 2662383.45870195189,
    "spatialReference" : {
      "wkid" : 32646,
      "latestWkid" : 32646
    }
  },
  "geodataXform" : {
    "spatialReference" : {
      "wkid" : 32646,
      "latestWkid" : 32646
    },
    "type" : "IdentityXform"
  },
  "LODInfos" : {
    "resolutions" : [
      1917.2541885170485,
      958.62709425852427
    ],
    "levels" : [
      0,
      1
    ],
    "scales" : [
      7246300.5505839549,
      3623150.2752919775
    ],
    "dpi" : 96,
    "type" : "RasterLODInfos"
  },
  "blockWidth" : 256,
  "blockHeight" : 256,
  "bandCount" : 1,
  "pixelType" : 10,
  "pixelSizeX" : 958.62709425852449,
  "pixelSizeY" : 958.62709425852427,
  "format" : "Cache/RAW",
  "compressionType" : "",
  "firstPyramidLevel" : 1,
  "maximumPyramidLevel" : 0,
  "packetSize" : 12,
  "compressionQuality" : 0,
  "pyramidResamplingType" : 0,
  "properties" : {
    "KIND" : "IMAGE",
    "BAND_COUNT" : "1",
    "HAS_TABLE" : "0",
    "HAS_XFORM" : "0",
    "BSQ" : "0",
    "BandProperties" : [
      {
        "NoData" : "0",
        "BandName" : "tropospheric_NO2_column_number_density",
        "type" : "PropertySet"
      }
    ],
    "DataType" : "Generic",
    "type" : "PropertySet"
  },
  "statistics" : [
    {
      "min" : 5.0528123268699625e-05,
      "max" : 0.00047404781151827376,
      "mean" : 0.00022890904888626633,
      "standardDeviation" : 0.00012856993909643471,
      "sum" : 0.5470926268381765,
      "median" : 0.00023488375227145544,
      "mode" : 6.0493292403983722e-05,
      "skipX" : 1,
      "skipY" : 1,
      "count" : 2390,
      "covariances" : "0.000000"
    }
  ],
  "histograms" : [
    {
      "size" : 256,
      "min" : 5.0528123268699625e-05,
      "max" : 0.00047404781151827376,
      "counts" : [
        2,
        12,
        26,
        37,
        28,
        41,
        56,
        36,
        32,
        22,
        18,
        28,
        20,
        24,
        34,
        37,
        35,
        40,
        24,
        27,
        18,
        17,
        13,
        12,
        11,
        6,
        6,
        9,
        2,
        6,
        12,
        6,
        8,
        4,
        4,
        3,
        8,
        7,
        4,
        7,
        4,
        6,
        7,
        3,
        4,
        5,
        4,
        5,
        2,
        4,
        6,
        5,
        5,
        8,
        9,
        4,
        9,
        7,
        2,
        4,
        2,
        7,
        9,
        6,
        2,
        2,
        10,
        7,
        2,
        5,
        8,
        2,
        8,
        6,
        5,
        7,
        7,
        3,
        7,
        4,
        8,
        3,
        3,
        10,
        5,
        4,
        8,
        8,
        11,
        12,
        3,
        10,
        9,
        7,
        4,
        17,
        5,
        8,
        7,
        6,
        9,
        12,
        6,
        10,
        8,
        10,
        4,
        7,
        5,
        10,
        4,
        8,
        15,
        13,
        19,
        4,
        10,
        8,
        14,
        13,
        10,
        4,
        14,
        7,
        11,
        15,
        6,
        11,
        9,
        9,
        15,
        12,
        9,
        8,
        5,
        3,
        9,
        9,
        11,
        10,
        7,
        6,
        7,
        7,
        5,
        5,
        10,
        3,
        4,
        6,
        8,
        6,
        8,
        8,
        6,
        7,
        5,
        8,
        7,
        5,
        8,
        12,
        7,
        5,
        5,
        14,
        7,
        9,
        5,
        9,
        15,
        10,
        13,
        10,
        13,
        8,
        7,
        7,
        11,
        12,
        7,
        22,
        18,
        14,
        7,
        13,
        21,
        16,
        22,
        21,
        15,
        21,
        20,
        18,
        20,
        19,
        11,
        5,
        9,
        12,
        9,
        4,
        5,
        5,
        6,
        10,
        3,
        8,
        4,
        7,
        8,
        4,
        6,
        13,
        5,
        1,
        7,
        3,
        5,
        6,
        2,
        3,
        5,
        8,
        3,
        7,
        2,
        2,
        8,
        2,
        1,
        6,
        10,
        1,
        8,
        5,
        5,
        8,
        4,
        6,
        7,
        11,
        3,
        5,
        4,
        7,
        5,
        3,
        6,
        7,
        4,
        4,
        2,
        1,
        1,
        1
      ]
    }
  ],
  "type" : "RasterInfo"
}