{
  "origin" : {
    "x" : 194121.643224369909,
    "y" : 2662383.45870195189,
    "spatialReference" : {
      "wkid" : 32646,
      "latestWkid" : 32646
    }
  },
  "extent" : {
    "xmin" : 194121.643224369909,
    "ymin" : 2602948.57885792339,
    "xmax" : 270811.810765051865,
    "ymax" : 2662383.45870195189,
    "spatialReference" : {
      "wkid" : 32646,
      "latestWkid" : 32646
    }
  },
  "geodataXform" : {
    "spatialReference" : {
      "wkid" : 32646,
      "latestWkid" : 32646
    },
    "type" : "IdentityXform"
  },
  "LODInfos" : {
    "resolutions" : [
      1917.2541885170485,
      958.62709425852427
    ],
    "levels" : [
      0,
      1
    ],
    "scales" : [
      7246300.5505839549,
      3623150.2752919775
    ],
    "dpi" : 96,
    "type" : "RasterLODInfos"
  },
  "blockWidth" : 256,
  "blockHeight" : 256,
  "bandCount" : 1,
  "pixelType" : 10,
  "pixelSizeX" : 958.62709425852449,
  "pixelSizeY" : 958.62709425852427,
  "format" : "Cache/RAW",
  "compressionType" : "",
  "firstPyramidLevel" : 1,
  "maximumPyramidLevel" : 0,
  "packetSize" : 12,
  "compressionQuality" : 0,
  "pyramidResamplingType" : 0,
  "properties" : {
    "KIND" : "IMAGE",
    "BAND_COUNT" : "1",
    "HAS_TABLE" : "0",
    "HAS_XFORM" : "0",
    "BSQ" : "0",
    "BandProperties" : [
      {
        "NoData" : "0",
        "BandName" : "tropospheric_NO2_column_number_density",
        "type" : "PropertySet"
      }
    ],
    "DataType" : "Generic",
    "type" : "PropertySet"
  },
  "statistics" : [
    {
      "min" : 7.2729924092945436e-05,
      "max" : 0.00046840316364578138,
      "mean" : 0.000249223186430917,
      "standardDeviation" : 9.6310532414809144e-05,
      "sum" : 0.59564341556989164,
      "median" : 0.00025272245659541196,
      "mode" : 0.00033961540332074066,
      "skipX" : 1,
      "skipY" : 1,
      "count" : 2390,
      "covariances" : "0.000000"
    }
  ],
  "histograms" : [
    {
      "size" : 256,
      "min" : 7.2729924092945436e-05,
      "max" : 0.00046840316364578138,
      "counts" : [
        4,
        1,
        6,
        7,
        14,
        6,
        2,
        12,
        11,
        9,
        14,
        4,
        5,
        14,
        8,
        8,
        6,
        8,
        5,
        7,
        0,
        6,
        10,
        10,
        9,
        6,
        15,
        9,
        10,
        9,
        9,
        12,
        10,
        12,
        5,
        11,
        6,
        10,
        8,
        3,
        9,
        10,
        10,
        10,
        12,
        12,
        9,
        13,
        15,
        14,
        12,
        15,
        20,
        23,
        15,
        22,
        21,
        13,
        20,
        27,
        19,
        20,
        15,
        22,
        16,
        12,
        10,
        10,
        10,
        8,
        7,
        16,
        9,
        6,
        17,
        11,
        17,
        12,
        11,
        9,
        11,
        12,
        7,
        10,
        10,
        12,
        9,
        11,
        6,
        11,
        8,
        8,
        13,
        7,
        7,
        3,
        4,
        4,
        8,
        5,
        10,
        7,
        11,
        2,
        10,
        6,
        11,
        7,
        6,
        12,
        8,
        10,
        16,
        12,
        12,
        5,
        13,
        8,
        7,
        10,
        8,
        10,
        4,
        8,
        11,
        2,
        17,
        4,
        5,
        8,
        4,
        8,
        12,
        16,
        8,
        7,
        11,
        11,
        8,
        13,
        5,
        10,
        14,
        13,
        11,
        8,
        11,
        9,
        11,
        12,
        13,
        9,
        22,
        22,
        29,
        17,
        17,
        19,
        26,
        16,
        18,
        23,
        21,
        25,
        18,
        22,
        14,
        11,
        8,
        13,
        16,
        16,
        33,
        25,
        14,
        18,
        17,
        19,
        16,
        17,
        10,
        9,
        16,
        13,
        7,
        9,
        10,
        8,
        8,
        5,
        5,
        6,
        7,
        8,
        12,
        11,
        6,
        6,
        3,
        7,
        2,
        1,
        4,
        6,
        7,
        8,
        2,
        2,
        3,
        1,
        3,
        1,
        1,
        4,
        8,
        2,
        3,
        0,
        3,
        4,
        5,
        2,
        4,
        4,
        2,
        5,
        5,
        6,
        3,
        3,
        4,
        3,
        6,
        3,
        3,
        4,
        1,
        9,
        5,
        2,
        2,
        0,
        1,
        0,
        1,
        5,
        1,
        1,
        0,
        1,
        2,
        0,
        2,
        0,
        1,
        1
      ]
    }
  ],
  "type" : "RasterInfo"
}