{
  "origin" : {
    "x" : 194121.643224369909,
    "y" : 2662383.45870195189,
    "spatialReference" : {
      "wkid" : 32646,
      "latestWkid" : 32646
    }
  },
  "extent" : {
    "xmin" : 194121.643224369909,
    "ymin" : 2602948.57885792339,
    "xmax" : 270811.810765051865,
    "ymax" : 2662383.45870195189,
    "spatialReference" : {
      "wkid" : 32646,
      "latestWkid" : 32646
    }
  },
  "geodataXform" : {
    "spatialReference" : {
      "wkid" : 32646,
      "latestWkid" : 32646
    },
    "type" : "IdentityXform"
  },
  "LODInfos" : {
    "resolutions" : [
      1917.2541885170485,
      958.62709425852427
    ],
    "levels" : [
      0,
      1
    ],
    "scales" : [
      7246300.5505839549,
      3623150.2752919775
    ],
    "dpi" : 96,
    "type" : "RasterLODInfos"
  },
  "blockWidth" : 256,
  "blockHeight" : 256,
  "bandCount" : 1,
  "pixelType" : 10,
  "pixelSizeX" : 958.62709425852449,
  "pixelSizeY" : 958.62709425852427,
  "format" : "Cache/RAW",
  "compressionType" : "",
  "firstPyramidLevel" : 1,
  "maximumPyramidLevel" : 0,
  "packetSize" : 12,
  "compressionQuality" : 0,
  "pyramidResamplingType" : 0,
  "properties" : {
    "KIND" : "IMAGE",
    "BAND_COUNT" : "1",
    "HAS_TABLE" : "0",
    "HAS_XFORM" : "0",
    "BSQ" : "0",
    "BandProperties" : [
      {
        "NoData" : "0",
        "BandName" : "tropospheric_NO2_column_number_density",
        "type" : "PropertySet"
      }
    ],
    "DataType" : "Generic",
    "type" : "PropertySet"
  },
  "statistics" : [
    {
      "min" : 4.3724435339981021e-05,
      "max" : 0.00029360261306572884,
      "mean" : 0.0001650448269658264,
      "standardDeviation" : 7.2816199612797485e-05,
      "sum" : 0.39445713644832509,
      "median" : 0.00016033425161199666,
      "mode" : 0.00024264706309812538,
      "skipX" : 1,
      "skipY" : 1,
      "count" : 2390,
      "covariances" : "0.000000"
    }
  ],
  "histograms" : [
    {
      "size" : 256,
      "min" : 4.3724435339981021e-05,
      "max" : 0.00029360261306572884,
      "counts" : [
        3,
        7,
        9,
        13,
        9,
        10,
        13,
        18,
        11,
        7,
        6,
        4,
        5,
        15,
        10,
        18,
        10,
        10,
        5,
        18,
        4,
        9,
        10,
        14,
        16,
        18,
        18,
        9,
        15,
        14,
        18,
        16,
        24,
        14,
        18,
        18,
        10,
        10,
        13,
        7,
        7,
        9,
        7,
        7,
        8,
        9,
        3,
        9,
        9,
        7,
        4,
        1,
        9,
        5,
        8,
        4,
        6,
        3,
        7,
        8,
        10,
        12,
        10,
        4,
        13,
        3,
        5,
        8,
        11,
        6,
        13,
        10,
        20,
        16,
        12,
        11,
        11,
        10,
        12,
        15,
        7,
        16,
        7,
        9,
        14,
        19,
        19,
        11,
        9,
        11,
        12,
        10,
        10,
        7,
        9,
        9,
        14,
        11,
        9,
        9,
        3,
        6,
        8,
        9,
        7,
        5,
        8,
        9,
        5,
        6,
        9,
        7,
        9,
        8,
        4,
        11,
        11,
        13,
        13,
        5,
        4,
        12,
        10,
        5,
        5,
        6,
        6,
        4,
        10,
        9,
        13,
        6,
        7,
        5,
        9,
        7,
        7,
        9,
        2,
        9,
        6,
        3,
        7,
        7,
        12,
        6,
        6,
        4,
        3,
        7,
        4,
        6,
        5,
        7,
        6,
        8,
        7,
        4,
        16,
        3,
        9,
        7,
        6,
        6,
        7,
        6,
        9,
        10,
        5,
        5,
        5,
        3,
        11,
        6,
        8,
        11,
        10,
        10,
        4,
        4,
        4,
        12,
        8,
        8,
        9,
        10,
        9,
        10,
        7,
        7,
        7,
        10,
        14,
        10,
        11,
        9,
        12,
        13,
        22,
        18,
        17,
        10,
        17,
        30,
        22,
        16,
        13,
        17,
        9,
        15,
        23,
        11,
        14,
        17,
        18,
        18,
        20,
        16,
        20,
        23,
        18,
        12,
        11,
        12,
        14,
        9,
        21,
        12,
        9,
        6,
        8,
        8,
        8,
        5,
        3,
        4,
        7,
        11,
        4,
        3,
        4,
        10,
        1,
        1,
        3,
        2,
        0,
        2,
        0,
        1,
        3,
        1,
        2,
        4,
        4,
        1
      ]
    }
  ],
  "type" : "RasterInfo"
}