{
  "origin" : {
    "x" : 194121.643224369909,
    "y" : 2662383.45870195189,
    "spatialReference" : {
      "wkid" : 32646,
      "latestWkid" : 32646
    }
  },
  "extent" : {
    "xmin" : 194121.643224369909,
    "ymin" : 2602948.57885792339,
    "xmax" : 270811.810765051865,
    "ymax" : 2662383.45870195189,
    "spatialReference" : {
      "wkid" : 32646,
      "latestWkid" : 32646
    }
  },
  "geodataXform" : {
    "spatialReference" : {
      "wkid" : 32646,
      "latestWkid" : 32646
    },
    "type" : "IdentityXform"
  },
  "LODInfos" : {
    "resolutions" : [
      1917.2541885170485,
      958.62709425852427
    ],
    "levels" : [
      0,
      1
    ],
    "scales" : [
      7246300.5505839549,
      3623150.2752919775
    ],
    "dpi" : 96,
    "type" : "RasterLODInfos"
  },
  "blockWidth" : 256,
  "blockHeight" : 256,
  "bandCount" : 1,
  "pixelType" : 10,
  "pixelSizeX" : 958.62709425852449,
  "pixelSizeY" : 958.62709425852427,
  "format" : "Cache/RAW",
  "compressionType" : "",
  "firstPyramidLevel" : 1,
  "maximumPyramidLevel" : 0,
  "packetSize" : 12,
  "compressionQuality" : 0,
  "pyramidResamplingType" : 0,
  "properties" : {
    "KIND" : "IMAGE",
    "BAND_COUNT" : "1",
    "HAS_TABLE" : "0",
    "HAS_XFORM" : "0",
    "BSQ" : "0",
    "BandProperties" : [
      {
        "NoData" : "0",
        "BandName" : "tropospheric_NO2_column_number_density",
        "type" : "PropertySet"
      }
    ],
    "DataType" : "Generic",
    "type" : "PropertySet"
  },
  "statistics" : [
    {
      "min" : 5.2943399551225606e-05,
      "max" : 0.00045522800250198344,
      "mean" : 0.00021943774074661821,
      "standardDeviation" : 0.00011162300453245784,
      "sum" : 0.52445620038441754,
      "median" : 0.00021227965405329048,
      "mode" : 6.2408919620655196e-05,
      "skipX" : 1,
      "skipY" : 1,
      "count" : 2390,
      "covariances" : "0.000000"
    }
  ],
  "histograms" : [
    {
      "size" : 256,
      "min" : 5.2943399551225606e-05,
      "max" : 0.00045522800250198344,
      "counts" : [
        4,
        4,
        10,
        9,
        18,
        31,
        48,
        30,
        32,
        28,
        16,
        12,
        14,
        8,
        13,
        11,
        12,
        10,
        15,
        7,
        20,
        13,
        20,
        15,
        17,
        15,
        11,
        8,
        10,
        4,
        14,
        7,
        7,
        7,
        5,
        9,
        8,
        6,
        12,
        16,
        17,
        17,
        5,
        18,
        16,
        14,
        15,
        12,
        13,
        18,
        5,
        18,
        24,
        11,
        14,
        9,
        16,
        9,
        11,
        19,
        14,
        16,
        16,
        10,
        12,
        9,
        5,
        10,
        10,
        12,
        13,
        6,
        8,
        10,
        8,
        8,
        5,
        7,
        5,
        9,
        10,
        10,
        12,
        7,
        7,
        6,
        4,
        4,
        7,
        14,
        6,
        11,
        6,
        7,
        3,
        6,
        9,
        5,
        14,
        8,
        6,
        7,
        12,
        3,
        8,
        7,
        4,
        11,
        13,
        11,
        16,
        9,
        8,
        7,
        8,
        10,
        8,
        5,
        6,
        7,
        10,
        9,
        3,
        10,
        3,
        12,
        7,
        6,
        7,
        13,
        6,
        9,
        10,
        5,
        7,
        13,
        9,
        7,
        8,
        10,
        16,
        5,
        9,
        10,
        9,
        9,
        9,
        8,
        16,
        10,
        10,
        10,
        5,
        7,
        8,
        8,
        15,
        9,
        16,
        11,
        9,
        6,
        1,
        8,
        15,
        7,
        7,
        11,
        14,
        15,
        13,
        18,
        14,
        13,
        11,
        14,
        14,
        11,
        11,
        13,
        14,
        20,
        13,
        7,
        15,
        14,
        14,
        6,
        4,
        7,
        6,
        9,
        6,
        7,
        6,
        7,
        6,
        9,
        8,
        9,
        10,
        5,
        6,
        3,
        6,
        8,
        9,
        3,
        15,
        6,
        5,
        5,
        2,
        8,
        6,
        7,
        9,
        11,
        8,
        8,
        3,
        5,
        10,
        5,
        4,
        4,
        7,
        1,
        6,
        1,
        2,
        5,
        6,
        4,
        7,
        4,
        6,
        6,
        1,
        5,
        2,
        0,
        1,
        8,
        1,
        2,
        1,
        2,
        2,
        2,
        2,
        3,
        3,
        0,
        0,
        1
      ]
    }
  ],
  "type" : "RasterInfo"
}