{
  "origin" : {
    "x" : 194121.643224369909,
    "y" : 2662383.45870195189,
    "spatialReference" : {
      "wkid" : 32646,
      "latestWkid" : 32646
    }
  },
  "extent" : {
    "xmin" : 194121.643224369909,
    "ymin" : 2602948.57885792339,
    "xmax" : 270811.810765051865,
    "ymax" : 2662383.45870195189,
    "spatialReference" : {
      "wkid" : 32646,
      "latestWkid" : 32646
    }
  },
  "geodataXform" : {
    "spatialReference" : {
      "wkid" : 32646,
      "latestWkid" : 32646
    },
    "type" : "IdentityXform"
  },
  "LODInfos" : {
    "resolutions" : [
      1917.2541885170485,
      958.62709425852427
    ],
    "levels" : [
      0,
      1
    ],
    "scales" : [
      7246300.5505839549,
      3623150.2752919775
    ],
    "dpi" : 96,
    "type" : "RasterLODInfos"
  },
  "blockWidth" : 256,
  "blockHeight" : 256,
  "bandCount" : 1,
  "pixelType" : 10,
  "pixelSizeX" : 958.62709425852449,
  "pixelSizeY" : 958.62709425852427,
  "format" : "Cache/RAW",
  "compressionType" : "",
  "firstPyramidLevel" : 1,
  "maximumPyramidLevel" : 0,
  "packetSize" : 12,
  "compressionQuality" : 0,
  "pyramidResamplingType" : 0,
  "properties" : {
    "KIND" : "IMAGE",
    "BAND_COUNT" : "1",
    "HAS_TABLE" : "0",
    "HAS_XFORM" : "0",
    "BSQ" : "0",
    "BandProperties" : [
      {
        "NoData" : "0",
        "BandName" : "tropospheric_NO2_column_number_density",
        "type" : "PropertySet"
      }
    ],
    "DataType" : "Generic",
    "type" : "PropertySet"
  },
  "statistics" : [
    {
      "min" : 4.6597615420128752e-05,
      "max" : 0.00046776769147306154,
      "mean" : 0.00022798197409937173,
      "standardDeviation" : 0.00010958236242079191,
      "sum" : 0.54487691809749839,
      "median" : 0.00023158211941200511,
      "mode" : 5.3204204848410052e-05,
      "skipX" : 1,
      "skipY" : 1,
      "count" : 2390,
      "covariances" : "0.000000"
    }
  ],
  "histograms" : [
    {
      "size" : 256,
      "min" : 4.6597615420128752e-05,
      "max" : 0.00046776769147306154,
      "counts" : [
        1,
        1,
        3,
        24,
        29,
        24,
        19,
        10,
        18,
        11,
        19,
        11,
        15,
        18,
        16,
        13,
        24,
        24,
        18,
        13,
        12,
        10,
        7,
        12,
        6,
        13,
        13,
        17,
        15,
        27,
        12,
        10,
        6,
        8,
        4,
        5,
        5,
        11,
        4,
        6,
        5,
        8,
        7,
        11,
        9,
        11,
        5,
        5,
        6,
        12,
        10,
        2,
        15,
        8,
        9,
        7,
        13,
        16,
        8,
        7,
        9,
        12,
        9,
        9,
        10,
        9,
        14,
        12,
        5,
        6,
        10,
        7,
        5,
        8,
        6,
        7,
        8,
        1,
        12,
        8,
        9,
        6,
        9,
        6,
        8,
        11,
        7,
        10,
        10,
        4,
        7,
        8,
        9,
        18,
        10,
        16,
        11,
        9,
        13,
        15,
        16,
        13,
        8,
        11,
        14,
        10,
        10,
        10,
        10,
        9,
        6,
        10,
        17,
        7,
        8,
        11,
        6,
        10,
        14,
        14,
        10,
        14,
        9,
        13,
        8,
        15,
        12,
        11,
        9,
        5,
        13,
        9,
        7,
        11,
        15,
        8,
        14,
        11,
        7,
        8,
        10,
        6,
        15,
        11,
        11,
        9,
        12,
        13,
        11,
        7,
        6,
        8,
        13,
        10,
        5,
        12,
        11,
        7,
        7,
        21,
        12,
        12,
        13,
        14,
        16,
        27,
        21,
        22,
        17,
        21,
        18,
        22,
        18,
        13,
        10,
        17,
        11,
        13,
        20,
        18,
        18,
        21,
        20,
        15,
        15,
        15,
        11,
        8,
        9,
        9,
        5,
        12,
        7,
        4,
        7,
        10,
        2,
        4,
        4,
        5,
        6,
        4,
        5,
        2,
        3,
        3,
        3,
        4,
        4,
        3,
        4,
        6,
        3,
        4,
        5,
        8,
        1,
        3,
        1,
        6,
        4,
        5,
        5,
        2,
        3,
        2,
        4,
        3,
        5,
        3,
        1,
        5,
        7,
        5,
        4,
        7,
        0,
        2,
        2,
        2,
        1,
        1,
        2,
        3,
        2,
        4,
        1,
        3,
        2,
        3,
        1,
        1,
        0,
        1,
        0,
        1
      ]
    }
  ],
  "type" : "RasterInfo"
}