{
  "origin" : {
    "x" : 194121.643224369909,
    "y" : 2662383.45870195189,
    "spatialReference" : {
      "wkid" : 32646,
      "latestWkid" : 32646
    }
  },
  "extent" : {
    "xmin" : 194121.643224369909,
    "ymin" : 2602948.57885792339,
    "xmax" : 270811.810765051865,
    "ymax" : 2662383.45870195189,
    "spatialReference" : {
      "wkid" : 32646,
      "latestWkid" : 32646
    }
  },
  "geodataXform" : {
    "spatialReference" : {
      "wkid" : 32646,
      "latestWkid" : 32646
    },
    "type" : "IdentityXform"
  },
  "LODInfos" : {
    "resolutions" : [
      1917.2541885170485,
      958.62709425852427
    ],
    "levels" : [
      0,
      1
    ],
    "scales" : [
      7246300.5505839549,
      3623150.2752919775
    ],
    "dpi" : 96,
    "type" : "RasterLODInfos"
  },
  "blockWidth" : 256,
  "blockHeight" : 256,
  "bandCount" : 1,
  "pixelType" : 10,
  "pixelSizeX" : 958.62709425852449,
  "pixelSizeY" : 958.62709425852427,
  "format" : "Cache/RAW",
  "compressionType" : "",
  "firstPyramidLevel" : 1,
  "maximumPyramidLevel" : 0,
  "packetSize" : 12,
  "compressionQuality" : 0,
  "pyramidResamplingType" : 0,
  "properties" : {
    "KIND" : "IMAGE",
    "BAND_COUNT" : "1",
    "HAS_TABLE" : "0",
    "HAS_XFORM" : "0",
    "BSQ" : "0",
    "BandProperties" : [
      {
        "NoData" : "0",
        "BandName" : "tropospheric_NO2_column_number_density",
        "type" : "PropertySet"
      }
    ],
    "DataType" : "Generic",
    "type" : "PropertySet"
  },
  "statistics" : [
    {
      "min" : 4.4809666933719796e-05,
      "max" : 0.00033210790284171865,
      "mean" : 0.00017317924505970368,
      "standardDeviation" : 7.2167763896136859e-05,
      "sum" : 0.41389839569269177,
      "median" : 0.00017099555878350751,
      "mode" : 0.00010790261285861365,
      "skipX" : 1,
      "skipY" : 1,
      "count" : 2390,
      "covariances" : "0.000000"
    }
  ],
  "histograms" : [
    {
      "size" : 256,
      "min" : 4.4809666933719796e-05,
      "max" : 0.00033210790284171865,
      "counts" : [
        2,
        0,
        1,
        0,
        1,
        2,
        6,
        8,
        7,
        2,
        9,
        5,
        7,
        17,
        19,
        16,
        9,
        9,
        11,
        6,
        9,
        10,
        10,
        8,
        3,
        2,
        5,
        10,
        4,
        9,
        4,
        8,
        12,
        18,
        17,
        10,
        11,
        12,
        11,
        16,
        13,
        12,
        19,
        15,
        13,
        16,
        12,
        15,
        14,
        23,
        15,
        21,
        15,
        7,
        14,
        24,
        28,
        18,
        18,
        16,
        23,
        26,
        15,
        14,
        14,
        14,
        16,
        14,
        12,
        14,
        5,
        9,
        13,
        9,
        5,
        7,
        13,
        10,
        11,
        7,
        11,
        12,
        10,
        7,
        11,
        8,
        10,
        10,
        9,
        3,
        12,
        5,
        12,
        5,
        13,
        4,
        5,
        9,
        12,
        8,
        6,
        13,
        12,
        6,
        8,
        10,
        8,
        7,
        11,
        8,
        11,
        7,
        9,
        12,
        8,
        14,
        12,
        6,
        15,
        13,
        13,
        10,
        8,
        9,
        10,
        17,
        5,
        7,
        10,
        15,
        9,
        5,
        12,
        14,
        5,
        11,
        4,
        5,
        9,
        12,
        8,
        8,
        12,
        13,
        10,
        11,
        10,
        10,
        8,
        6,
        7,
        11,
        7,
        8,
        12,
        10,
        5,
        14,
        15,
        21,
        14,
        7,
        11,
        19,
        26,
        12,
        19,
        13,
        10,
        12,
        13,
        15,
        8,
        12,
        14,
        9,
        17,
        15,
        11,
        12,
        14,
        11,
        16,
        16,
        13,
        14,
        17,
        13,
        18,
        14,
        10,
        5,
        11,
        8,
        6,
        11,
        3,
        7,
        7,
        9,
        13,
        11,
        5,
        6,
        3,
        5,
        3,
        4,
        4,
        8,
        2,
        7,
        4,
        4,
        3,
        8,
        7,
        0,
        1,
        2,
        5,
        7,
        2,
        4,
        4,
        11,
        4,
        5,
        4,
        2,
        8,
        9,
        2,
        3,
        5,
        2,
        1,
        2,
        1,
        5,
        3,
        1,
        1,
        3,
        10,
        5,
        5,
        0,
        4,
        0,
        2,
        2,
        0,
        1,
        1,
        1
      ]
    }
  ],
  "type" : "RasterInfo"
}