{
  "origin" : {
    "x" : 194121.643224369909,
    "y" : 2662383.45870195189,
    "spatialReference" : {
      "wkid" : 32646,
      "latestWkid" : 32646
    }
  },
  "extent" : {
    "xmin" : 194121.643224369909,
    "ymin" : 2602948.57885792339,
    "xmax" : 270811.810765051865,
    "ymax" : 2662383.45870195189,
    "spatialReference" : {
      "wkid" : 32646,
      "latestWkid" : 32646
    }
  },
  "geodataXform" : {
    "spatialReference" : {
      "wkid" : 32646,
      "latestWkid" : 32646
    },
    "type" : "IdentityXform"
  },
  "LODInfos" : {
    "resolutions" : [
      1917.2541885170485,
      958.62709425852427
    ],
    "levels" : [
      0,
      1
    ],
    "scales" : [
      7246300.5505839549,
      3623150.2752919775
    ],
    "dpi" : 96,
    "type" : "RasterLODInfos"
  },
  "blockWidth" : 256,
  "blockHeight" : 256,
  "bandCount" : 1,
  "pixelType" : 10,
  "pixelSizeX" : 958.62709425852449,
  "pixelSizeY" : 958.62709425852427,
  "format" : "Cache/RAW",
  "compressionType" : "",
  "firstPyramidLevel" : 1,
  "maximumPyramidLevel" : 0,
  "packetSize" : 12,
  "compressionQuality" : 0,
  "pyramidResamplingType" : 0,
  "properties" : {
    "KIND" : "IMAGE",
    "BAND_COUNT" : "1",
    "HAS_TABLE" : "0",
    "HAS_XFORM" : "0",
    "BSQ" : "0",
    "BandProperties" : [
      {
        "NoData" : "0",
        "BandName" : "tropospheric_NO2_column_number_density",
        "type" : "PropertySet"
      }
    ],
    "DataType" : "Generic",
    "type" : "PropertySet"
  },
  "statistics" : [
    {
      "min" : 3.6131961498210149e-05,
      "max" : 0.0002044038948839746,
      "mean" : 0.00010245370329176882,
      "standardDeviation" : 4.0080954084841787e-05,
      "sum" : 0.24486435086732747,
      "median" : 0.00010212095498282366,
      "mode" : 4.27308608466715e-05,
      "skipX" : 1,
      "skipY" : 1,
      "count" : 2390,
      "covariances" : "0.000000"
    }
  ],
  "histograms" : [
    {
      "size" : 256,
      "min" : 3.6131961498210149e-05,
      "max" : 0.0002044038948839746,
      "counts" : [
        3,
        6,
        13,
        12,
        19,
        10,
        13,
        14,
        21,
        27,
        36,
        22,
        29,
        21,
        15,
        12,
        16,
        13,
        9,
        11,
        13,
        8,
        7,
        5,
        11,
        6,
        6,
        10,
        9,
        4,
        6,
        11,
        5,
        7,
        4,
        5,
        7,
        10,
        10,
        8,
        7,
        8,
        11,
        6,
        9,
        12,
        7,
        9,
        19,
        6,
        9,
        9,
        8,
        3,
        9,
        17,
        11,
        11,
        11,
        10,
        14,
        14,
        19,
        8,
        12,
        21,
        12,
        12,
        13,
        10,
        10,
        11,
        11,
        8,
        5,
        5,
        11,
        4,
        6,
        15,
        7,
        11,
        12,
        14,
        13,
        11,
        19,
        8,
        22,
        17,
        20,
        22,
        14,
        13,
        15,
        21,
        11,
        13,
        14,
        11,
        22,
        15,
        18,
        23,
        23,
        19,
        14,
        8,
        14,
        20,
        22,
        19,
        21,
        23,
        21,
        17,
        19,
        20,
        25,
        16,
        21,
        7,
        17,
        6,
        6,
        15,
        13,
        12,
        12,
        11,
        13,
        17,
        10,
        15,
        10,
        10,
        11,
        9,
        7,
        2,
        11,
        4,
        10,
        7,
        5,
        12,
        11,
        6,
        2,
        7,
        6,
        8,
        9,
        4,
        16,
        4,
        9,
        8,
        10,
        12,
        10,
        5,
        15,
        11,
        14,
        8,
        11,
        9,
        10,
        13,
        8,
        9,
        10,
        3,
        9,
        7,
        16,
        13,
        11,
        10,
        3,
        4,
        4,
        6,
        7,
        2,
        6,
        10,
        7,
        9,
        5,
        5,
        2,
        6,
        4,
        4,
        7,
        2,
        2,
        1,
        4,
        4,
        3,
        2,
        4,
        3,
        6,
        4,
        2,
        5,
        8,
        4,
        5,
        2,
        4,
        3,
        3,
        4,
        2,
        3,
        2,
        2,
        2,
        0,
        7,
        4,
        3,
        4,
        2,
        1,
        6,
        2,
        5,
        1,
        4,
        2,
        5,
        4,
        1,
        1,
        3,
        2,
        1,
        2,
        2,
        1,
        1,
        0,
        2,
        2,
        1,
        0,
        0,
        2,
        0,
        1
      ]
    }
  ],
  "type" : "RasterInfo"
}