{
  "origin" : {
    "x" : 194121.643224369909,
    "y" : 2662383.45870195189,
    "spatialReference" : {
      "wkid" : 32646,
      "latestWkid" : 32646
    }
  },
  "extent" : {
    "xmin" : 194121.643224369909,
    "ymin" : 2602948.57885792339,
    "xmax" : 270811.810765051865,
    "ymax" : 2662383.45870195189,
    "spatialReference" : {
      "wkid" : 32646,
      "latestWkid" : 32646
    }
  },
  "geodataXform" : {
    "spatialReference" : {
      "wkid" : 32646,
      "latestWkid" : 32646
    },
    "type" : "IdentityXform"
  },
  "LODInfos" : {
    "resolutions" : [
      1917.2541885170485,
      958.62709425852427
    ],
    "levels" : [
      0,
      1
    ],
    "scales" : [
      7246300.5505839549,
      3623150.2752919775
    ],
    "dpi" : 96,
    "type" : "RasterLODInfos"
  },
  "blockWidth" : 256,
  "blockHeight" : 256,
  "bandCount" : 1,
  "pixelType" : 10,
  "pixelSizeX" : 958.62709425852449,
  "pixelSizeY" : 958.62709425852427,
  "format" : "Cache/RAW",
  "compressionType" : "",
  "firstPyramidLevel" : 1,
  "maximumPyramidLevel" : 0,
  "packetSize" : 12,
  "compressionQuality" : 0,
  "pyramidResamplingType" : 0,
  "properties" : {
    "KIND" : "IMAGE",
    "BAND_COUNT" : "1",
    "HAS_TABLE" : "0",
    "HAS_XFORM" : "0",
    "BSQ" : "0",
    "BandProperties" : [
      {
        "NoData" : "0",
        "BandName" : "tropospheric_NO2_column_number_density",
        "type" : "PropertySet"
      }
    ],
    "DataType" : "Generic",
    "type" : "PropertySet"
  },
  "statistics" : [
    {
      "min" : 3.6154092928956779e-05,
      "max" : 0.00022873888835095929,
      "mean" : 9.9139359217038914e-05,
      "standardDeviation" : 4.2137400121495086e-05,
      "sum" : 0.23694306852872302,
      "median" : 9.2796679817781045e-05,
      "mode" : 4.3706437847466682e-05,
      "skipX" : 1,
      "skipY" : 1,
      "count" : 2390,
      "covariances" : "0.000000"
    }
  ],
  "histograms" : [
    {
      "size" : 256,
      "min" : 3.6154092928956779e-05,
      "max" : 0.00022873888835095929,
      "counts" : [
        4,
        11,
        6,
        10,
        5,
        6,
        8,
        10,
        12,
        22,
        39,
        30,
        31,
        24,
        30,
        28,
        25,
        30,
        27,
        19,
        12,
        11,
        17,
        28,
        19,
        15,
        24,
        15,
        14,
        13,
        13,
        13,
        17,
        14,
        16,
        19,
        16,
        7,
        13,
        21,
        18,
        20,
        13,
        9,
        8,
        12,
        15,
        9,
        7,
        14,
        15,
        20,
        8,
        18,
        13,
        15,
        12,
        16,
        18,
        20,
        13,
        10,
        16,
        12,
        16,
        20,
        15,
        19,
        12,
        15,
        11,
        15,
        11,
        14,
        10,
        14,
        19,
        14,
        15,
        15,
        13,
        15,
        16,
        10,
        16,
        17,
        8,
        16,
        11,
        14,
        12,
        8,
        5,
        12,
        4,
        9,
        9,
        8,
        13,
        11,
        6,
        14,
        8,
        9,
        8,
        12,
        12,
        7,
        6,
        9,
        7,
        7,
        12,
        9,
        14,
        10,
        10,
        14,
        17,
        10,
        13,
        7,
        13,
        9,
        10,
        17,
        10,
        11,
        10,
        10,
        11,
        11,
        20,
        9,
        14,
        12,
        12,
        11,
        16,
        10,
        8,
        19,
        15,
        15,
        17,
        15,
        14,
        6,
        8,
        13,
        10,
        16,
        11,
        22,
        12,
        7,
        5,
        7,
        10,
        14,
        14,
        9,
        7,
        7,
        7,
        3,
        5,
        8,
        2,
        5,
        6,
        5,
        3,
        2,
        2,
        4,
        6,
        3,
        5,
        2,
        1,
        2,
        2,
        5,
        3,
        3,
        5,
        4,
        2,
        2,
        0,
        6,
        1,
        3,
        3,
        5,
        4,
        2,
        1,
        12,
        3,
        7,
        1,
        3,
        2,
        1,
        1,
        0,
        0,
        2,
        0,
        3,
        0,
        1,
        1,
        3,
        2,
        2,
        0,
        0,
        0,
        0,
        2,
        2,
        0,
        0,
        1,
        1,
        0,
        0,
        0,
        0,
        1,
        0,
        0,
        1,
        1,
        0,
        0,
        0,
        0,
        0,
        1,
        7,
        1,
        0,
        0,
        0,
        0,
        0,
        0,
        0,
        0,
        0,
        0,
        1
      ]
    }
  ],
  "type" : "RasterInfo"
}