{
  "origin" : {
    "x" : 194121.643224369909,
    "y" : 2662383.45870195189,
    "spatialReference" : {
      "wkid" : 32646,
      "latestWkid" : 32646
    }
  },
  "extent" : {
    "xmin" : 194121.643224369909,
    "ymin" : 2602948.57885792339,
    "xmax" : 270811.810765051865,
    "ymax" : 2662383.45870195189,
    "spatialReference" : {
      "wkid" : 32646,
      "latestWkid" : 32646
    }
  },
  "geodataXform" : {
    "spatialReference" : {
      "wkid" : 32646,
      "latestWkid" : 32646
    },
    "type" : "IdentityXform"
  },
  "LODInfos" : {
    "resolutions" : [
      1917.2541885170485,
      958.62709425852427
    ],
    "levels" : [
      0,
      1
    ],
    "scales" : [
      7246300.5505839549,
      3623150.2752919775
    ],
    "dpi" : 96,
    "type" : "RasterLODInfos"
  },
  "blockWidth" : 256,
  "blockHeight" : 256,
  "bandCount" : 1,
  "pixelType" : 10,
  "pixelSizeX" : 958.62709425852449,
  "pixelSizeY" : 958.62709425852427,
  "format" : "Cache/RAW",
  "compressionType" : "",
  "firstPyramidLevel" : 1,
  "maximumPyramidLevel" : 0,
  "packetSize" : 12,
  "compressionQuality" : 0,
  "pyramidResamplingType" : 0,
  "properties" : {
    "KIND" : "IMAGE",
    "BAND_COUNT" : "1",
    "HAS_TABLE" : "0",
    "HAS_XFORM" : "0",
    "BSQ" : "0",
    "BandProperties" : [
      {
        "NoData" : "0",
        "BandName" : "tropospheric_NO2_column_number_density",
        "type" : "PropertySet"
      }
    ],
    "DataType" : "Generic",
    "type" : "PropertySet"
  },
  "statistics" : [
    {
      "min" : 2.0948951522565723e-05,
      "max" : 0.00017408986639987878,
      "mean" : 6.6927102134279039e-05,
      "standardDeviation" : 2.9146185296246085e-05,
      "sum" : 0.1599557741009269,
      "median" : 5.6982107964286441e-05,
      "mode" : 4.4971055817046203e-05,
      "skipX" : 1,
      "skipY" : 1,
      "count" : 2390,
      "covariances" : "0.000000"
    }
  ],
  "histograms" : [
    {
      "size" : 256,
      "min" : 2.0948951522565723e-05,
      "max" : 0.00017408986639987878,
      "counts" : [
        1,
        0,
        2,
        3,
        7,
        5,
        2,
        2,
        1,
        5,
        4,
        6,
        3,
        3,
        7,
        1,
        3,
        3,
        7,
        4,
        6,
        10,
        19,
        13,
        22,
        21,
        21,
        25,
        22,
        34,
        38,
        39,
        36,
        33,
        25,
        21,
        33,
        28,
        20,
        28,
        47,
        42,
        32,
        34,
        31,
        23,
        27,
        32,
        30,
        27,
        30,
        34,
        21,
        25,
        31,
        29,
        36,
        35,
        38,
        22,
        27,
        25,
        24,
        23,
        31,
        17,
        28,
        16,
        17,
        10,
        21,
        21,
        22,
        14,
        16,
        18,
        14,
        4,
        21,
        16,
        16,
        9,
        12,
        9,
        15,
        12,
        9,
        7,
        5,
        6,
        2,
        7,
        8,
        4,
        12,
        9,
        10,
        6,
        10,
        3,
        11,
        11,
        9,
        11,
        17,
        4,
        8,
        10,
        7,
        5,
        6,
        7,
        6,
        5,
        5,
        6,
        8,
        6,
        7,
        7,
        9,
        6,
        9,
        6,
        5,
        2,
        17,
        9,
        12,
        7,
        7,
        5,
        4,
        9,
        11,
        12,
        11,
        4,
        10,
        10,
        5,
        7,
        6,
        9,
        7,
        7,
        10,
        8,
        5,
        9,
        6,
        8,
        4,
        1,
        4,
        6,
        11,
        3,
        4,
        4,
        5,
        5,
        7,
        5,
        9,
        7,
        3,
        4,
        6,
        5,
        5,
        7,
        3,
        5,
        3,
        11,
        8,
        5,
        4,
        5,
        4,
        2,
        3,
        2,
        3,
        2,
        2,
        0,
        0,
        5,
        3,
        2,
        1,
        2,
        3,
        2,
        1,
        2,
        0,
        1,
        2,
        2,
        1,
        2,
        4,
        1,
        1,
        0,
        1,
        0,
        0,
        3,
        3,
        3,
        1,
        2,
        3,
        1,
        0,
        0,
        0,
        1,
        0,
        1,
        1,
        0,
        1,
        2,
        1,
        4,
        1,
        0,
        1,
        0,
        1,
        0,
        1,
        0,
        0,
        0,
        0,
        0,
        0,
        1,
        0,
        0,
        0,
        0,
        1,
        0,
        0,
        0,
        0,
        0,
        0,
        1
      ]
    }
  ],
  "type" : "RasterInfo"
}