{
  "origin" : {
    "x" : 194121.643224369909,
    "y" : 2662383.45870195189,
    "spatialReference" : {
      "wkid" : 32646,
      "latestWkid" : 32646
    }
  },
  "extent" : {
    "xmin" : 194121.643224369909,
    "ymin" : 2602948.57885792339,
    "xmax" : 270811.810765051865,
    "ymax" : 2662383.45870195189,
    "spatialReference" : {
      "wkid" : 32646,
      "latestWkid" : 32646
    }
  },
  "geodataXform" : {
    "spatialReference" : {
      "wkid" : 32646,
      "latestWkid" : 32646
    },
    "type" : "IdentityXform"
  },
  "LODInfos" : {
    "resolutions" : [
      1917.2541885170485,
      958.62709425852427
    ],
    "levels" : [
      0,
      1
    ],
    "scales" : [
      7246300.5505839549,
      3623150.2752919775
    ],
    "dpi" : 96,
    "type" : "RasterLODInfos"
  },
  "blockWidth" : 256,
  "blockHeight" : 256,
  "bandCount" : 1,
  "pixelType" : 10,
  "pixelSizeX" : 958.62709425852449,
  "pixelSizeY" : 958.62709425852427,
  "format" : "Cache/RAW",
  "compressionType" : "",
  "firstPyramidLevel" : 1,
  "maximumPyramidLevel" : 0,
  "packetSize" : 12,
  "compressionQuality" : 0,
  "pyramidResamplingType" : 0,
  "properties" : {
    "KIND" : "IMAGE",
    "BAND_COUNT" : "1",
    "HAS_TABLE" : "0",
    "HAS_XFORM" : "0",
    "BSQ" : "0",
    "BandProperties" : [
      {
        "NoData" : "0",
        "BandName" : "tropospheric_NO2_column_number_density",
        "type" : "PropertySet"
      }
    ],
    "DataType" : "Generic",
    "type" : "PropertySet"
  },
  "statistics" : [
    {
      "min" : 3.7451117986360785e-05,
      "max" : 0.00024253753832338473,
      "mean" : 0.00012735978063264277,
      "standardDeviation" : 5.7827810637530023e-05,
      "sum" : 0.3043898757120162,
      "median" : 0.00013637515603127822,
      "mode" : 3.905963893018058e-05,
      "skipX" : 1,
      "skipY" : 1,
      "count" : 2390,
      "covariances" : "0.000000"
    }
  ],
  "histograms" : [
    {
      "size" : 256,
      "min" : 3.7451117986360785e-05,
      "max" : 0.00024253753832338473,
      "counts" : [
        15,
        40,
        44,
        23,
        41,
        35,
        21,
        30,
        23,
        30,
        26,
        20,
        18,
        12,
        15,
        18,
        8,
        14,
        13,
        6,
        5,
        9,
        7,
        4,
        6,
        6,
        6,
        8,
        12,
        4,
        8,
        8,
        8,
        8,
        6,
        7,
        5,
        2,
        3,
        4,
        9,
        10,
        7,
        4,
        5,
        7,
        6,
        3,
        6,
        3,
        4,
        4,
        8,
        4,
        9,
        4,
        7,
        4,
        7,
        5,
        2,
        4,
        6,
        8,
        6,
        5,
        11,
        7,
        6,
        13,
        8,
        7,
        11,
        12,
        17,
        9,
        12,
        12,
        9,
        7,
        6,
        8,
        6,
        9,
        7,
        12,
        2,
        11,
        13,
        6,
        11,
        11,
        5,
        3,
        6,
        12,
        5,
        11,
        5,
        14,
        6,
        10,
        4,
        6,
        5,
        7,
        8,
        4,
        6,
        6,
        11,
        6,
        10,
        6,
        6,
        9,
        12,
        6,
        7,
        7,
        6,
        9,
        7,
        13,
        9,
        11,
        11,
        8,
        6,
        6,
        14,
        9,
        4,
        13,
        18,
        10,
        10,
        7,
        13,
        11,
        12,
        12,
        17,
        13,
        15,
        9,
        6,
        11,
        13,
        10,
        4,
        10,
        11,
        10,
        13,
        22,
        9,
        9,
        13,
        14,
        17,
        8,
        14,
        16,
        15,
        10,
        15,
        20,
        17,
        10,
        16,
        10,
        26,
        12,
        19,
        18,
        15,
        17,
        8,
        16,
        16,
        13,
        20,
        12,
        10,
        15,
        20,
        8,
        10,
        14,
        16,
        22,
        13,
        12,
        11,
        19,
        10,
        12,
        16,
        13,
        10,
        8,
        5,
        5,
        6,
        4,
        8,
        1,
        6,
        4,
        6,
        3,
        8,
        7,
        5,
        2,
        1,
        7,
        4,
        2,
        4,
        3,
        4,
        4,
        2,
        2,
        3,
        5,
        6,
        6,
        4,
        6,
        0,
        4,
        7,
        7,
        4,
        6,
        3,
        2,
        1,
        3,
        0,
        1,
        3,
        2,
        3,
        1,
        2,
        2,
        2,
        2,
        1,
        2,
        0,
        1
      ]
    }
  ],
  "type" : "RasterInfo"
}