{
  "origin" : {
    "x" : 194121.643224369909,
    "y" : 2662383.45870195189,
    "spatialReference" : {
      "wkid" : 32646,
      "latestWkid" : 32646
    }
  },
  "extent" : {
    "xmin" : 194121.643224369909,
    "ymin" : 2602948.57885792339,
    "xmax" : 270811.810765051865,
    "ymax" : 2662383.45870195189,
    "spatialReference" : {
      "wkid" : 32646,
      "latestWkid" : 32646
    }
  },
  "geodataXform" : {
    "spatialReference" : {
      "wkid" : 32646,
      "latestWkid" : 32646
    },
    "type" : "IdentityXform"
  },
  "LODInfos" : {
    "resolutions" : [
      1917.2541885170485,
      958.62709425852427
    ],
    "levels" : [
      0,
      1
    ],
    "scales" : [
      7246300.5505839549,
      3623150.2752919775
    ],
    "dpi" : 96,
    "type" : "RasterLODInfos"
  },
  "blockWidth" : 256,
  "blockHeight" : 256,
  "bandCount" : 1,
  "pixelType" : 10,
  "pixelSizeX" : 958.62709425852449,
  "pixelSizeY" : 958.62709425852427,
  "format" : "Cache/RAW",
  "compressionType" : "",
  "firstPyramidLevel" : 1,
  "maximumPyramidLevel" : 0,
  "packetSize" : 12,
  "compressionQuality" : 0,
  "pyramidResamplingType" : 0,
  "properties" : {
    "KIND" : "IMAGE",
    "BAND_COUNT" : "1",
    "HAS_TABLE" : "0",
    "HAS_XFORM" : "0",
    "BSQ" : "0",
    "BandProperties" : [
      {
        "NoData" : "0",
        "BandName" : "tropospheric_NO2_column_number_density",
        "type" : "PropertySet"
      }
    ],
    "DataType" : "Generic",
    "type" : "PropertySet"
  },
  "statistics" : [
    {
      "min" : 2.9697111340249114e-05,
      "max" : 0.00013438759019256461,
      "mean" : 7.093083424940209e-05,
      "standardDeviation" : 2.4967063117390238e-05,
      "sum" : 0.169524693856071,
      "median" : 7.0341650188795134e-05,
      "mode" : 3.4623722109769844e-05,
      "skipX" : 1,
      "skipY" : 1,
      "count" : 2390,
      "covariances" : "0.000000"
    }
  ],
  "histograms" : [
    {
      "size" : 256,
      "min" : 2.9697111340249114e-05,
      "max" : 0.00013438759019256461,
      "counts" : [
        2,
        2,
        4,
        2,
        4,
        10,
        16,
        25,
        18,
        20,
        29,
        27,
        32,
        28,
        19,
        23,
        28,
        19,
        10,
        9,
        14,
        7,
        7,
        12,
        7,
        13,
        9,
        5,
        12,
        3,
        6,
        11,
        3,
        4,
        5,
        5,
        4,
        3,
        4,
        4,
        8,
        4,
        11,
        7,
        9,
        8,
        8,
        8,
        8,
        8,
        11,
        9,
        11,
        11,
        9,
        7,
        18,
        15,
        11,
        13,
        10,
        14,
        15,
        16,
        10,
        17,
        8,
        13,
        4,
        16,
        9,
        9,
        12,
        13,
        12,
        17,
        18,
        14,
        21,
        10,
        17,
        18,
        16,
        11,
        16,
        10,
        18,
        18,
        14,
        10,
        8,
        10,
        13,
        10,
        14,
        16,
        15,
        15,
        20,
        15,
        16,
        16,
        12,
        21,
        20,
        14,
        12,
        14,
        17,
        11,
        22,
        9,
        20,
        20,
        8,
        12,
        9,
        14,
        8,
        11,
        20,
        17,
        16,
        19,
        16,
        14,
        25,
        24,
        20,
        28,
        13,
        16,
        25,
        18,
        15,
        16,
        11,
        13,
        10,
        4,
        3,
        20,
        9,
        13,
        12,
        3,
        10,
        12,
        12,
        6,
        4,
        22,
        7,
        7,
        4,
        8,
        5,
        2,
        9,
        2,
        6,
        5,
        9,
        2,
        9,
        4,
        6,
        4,
        2,
        3,
        3,
        2,
        4,
        7,
        5,
        7,
        3,
        5,
        7,
        7,
        5,
        7,
        7,
        3,
        6,
        9,
        8,
        4,
        9,
        6,
        6,
        8,
        6,
        3,
        6,
        6,
        8,
        7,
        4,
        1,
        3,
        7,
        6,
        2,
        4,
        4,
        5,
        8,
        1,
        1,
        4,
        7,
        3,
        4,
        3,
        2,
        6,
        2,
        6,
        4,
        2,
        2,
        2,
        4,
        8,
        4,
        3,
        5,
        2,
        4,
        3,
        1,
        3,
        2,
        8,
        2,
        4,
        5,
        2,
        3,
        3,
        4,
        4,
        2,
        3,
        2,
        0,
        1,
        0,
        0,
        1,
        2,
        0,
        0,
        0,
        1
      ]
    }
  ],
  "type" : "RasterInfo"
}