{
  "origin" : {
    "x" : 194121.643224369909,
    "y" : 2662383.45870195189,
    "spatialReference" : {
      "wkid" : 32646,
      "latestWkid" : 32646
    }
  },
  "extent" : {
    "xmin" : 194121.643224369909,
    "ymin" : 2602948.57885792339,
    "xmax" : 270811.810765051865,
    "ymax" : 2662383.45870195189,
    "spatialReference" : {
      "wkid" : 32646,
      "latestWkid" : 32646
    }
  },
  "geodataXform" : {
    "spatialReference" : {
      "wkid" : 32646,
      "latestWkid" : 32646
    },
    "type" : "IdentityXform"
  },
  "LODInfos" : {
    "resolutions" : [
      1917.2541885170485,
      958.62709425852427
    ],
    "levels" : [
      0,
      1
    ],
    "scales" : [
      7246300.5505839549,
      3623150.2752919775
    ],
    "dpi" : 96,
    "type" : "RasterLODInfos"
  },
  "blockWidth" : 256,
  "blockHeight" : 256,
  "bandCount" : 1,
  "pixelType" : 10,
  "pixelSizeX" : 958.62709425852449,
  "pixelSizeY" : 958.62709425852427,
  "format" : "Cache/RAW",
  "compressionType" : "",
  "firstPyramidLevel" : 1,
  "maximumPyramidLevel" : 0,
  "packetSize" : 12,
  "compressionQuality" : 0,
  "pyramidResamplingType" : 0,
  "properties" : {
    "KIND" : "IMAGE",
    "BAND_COUNT" : "1",
    "HAS_TABLE" : "0",
    "HAS_XFORM" : "0",
    "BSQ" : "0",
    "BandProperties" : [
      {
        "NoData" : "0",
        "BandName" : "tropospheric_NO2_column_number_density",
        "type" : "PropertySet"
      }
    ],
    "DataType" : "Generic",
    "type" : "PropertySet"
  },
  "statistics" : [
    {
      "min" : 2.4821107198950741e-05,
      "max" : 0.00014345792300456619,
      "mean" : 7.1386533601597557e-05,
      "standardDeviation" : 2.8505947251420656e-05,
      "sum" : 0.17061381530781816,
      "median" : 6.9949621446577009e-05,
      "mode" : 3.1799743422810472e-05,
      "skipX" : 1,
      "skipY" : 1,
      "count" : 2390,
      "covariances" : "0.000000"
    }
  ],
  "histograms" : [
    {
      "size" : 256,
      "min" : 2.4821107198950741e-05,
      "max" : 0.00014345792300456619,
      "counts" : [
        2,
        6,
        6,
        3,
        3,
        2,
        2,
        11,
        5,
        10,
        23,
        16,
        16,
        25,
        34,
        45,
        27,
        30,
        20,
        12,
        6,
        14,
        4,
        10,
        19,
        18,
        15,
        18,
        12,
        13,
        4,
        4,
        6,
        4,
        4,
        5,
        8,
        4,
        14,
        22,
        15,
        16,
        17,
        15,
        15,
        8,
        11,
        13,
        2,
        15,
        12,
        13,
        13,
        14,
        10,
        9,
        17,
        15,
        14,
        16,
        12,
        14,
        9,
        10,
        13,
        10,
        14,
        13,
        15,
        10,
        14,
        12,
        15,
        10,
        10,
        22,
        17,
        6,
        10,
        11,
        20,
        13,
        9,
        20,
        9,
        10,
        8,
        14,
        8,
        4,
        15,
        3,
        6,
        7,
        7,
        13,
        12,
        12,
        9,
        14,
        15,
        12,
        16,
        8,
        9,
        8,
        13,
        9,
        9,
        9,
        13,
        11,
        8,
        15,
        12,
        14,
        10,
        9,
        8,
        14,
        18,
        20,
        22,
        11,
        20,
        18,
        17,
        20,
        21,
        13,
        9,
        12,
        10,
        9,
        7,
        13,
        5,
        6,
        5,
        12,
        6,
        10,
        11,
        12,
        12,
        9,
        11,
        3,
        12,
        12,
        9,
        7,
        9,
        13,
        7,
        11,
        3,
        6,
        8,
        8,
        2,
        2,
        5,
        2,
        5,
        5,
        9,
        4,
        7,
        10,
        6,
        13,
        12,
        19,
        6,
        12,
        7,
        15,
        7,
        15,
        11,
        8,
        15,
        12,
        10,
        14,
        11,
        10,
        10,
        18,
        19,
        11,
        17,
        23,
        13,
        6,
        9,
        3,
        8,
        5,
        8,
        6,
        2,
        6,
        3,
        3,
        2,
        5,
        5,
        2,
        3,
        7,
        3,
        3,
        3,
        6,
        5,
        2,
        2,
        1,
        0,
        2,
        0,
        2,
        1,
        1,
        2,
        2,
        2,
        2,
        1,
        2,
        2,
        1,
        0,
        0,
        1,
        0,
        0,
        0,
        0,
        0,
        0,
        1,
        0,
        0,
        1,
        0,
        1,
        0,
        0,
        0,
        1,
        0,
        0,
        1
      ]
    }
  ],
  "type" : "RasterInfo"
}