{
  "origin" : {
    "x" : 194121.643224369909,
    "y" : 2662383.45870195189,
    "spatialReference" : {
      "wkid" : 32646,
      "latestWkid" : 32646
    }
  },
  "extent" : {
    "xmin" : 194121.643224369909,
    "ymin" : 2602948.57885792339,
    "xmax" : 270811.810765051865,
    "ymax" : 2662383.45870195189,
    "spatialReference" : {
      "wkid" : 32646,
      "latestWkid" : 32646
    }
  },
  "geodataXform" : {
    "spatialReference" : {
      "wkid" : 32646,
      "latestWkid" : 32646
    },
    "type" : "IdentityXform"
  },
  "LODInfos" : {
    "resolutions" : [
      1917.2541885170485,
      958.62709425852427
    ],
    "levels" : [
      0,
      1
    ],
    "scales" : [
      7246300.5505839549,
      3623150.2752919775
    ],
    "dpi" : 96,
    "type" : "RasterLODInfos"
  },
  "blockWidth" : 256,
  "blockHeight" : 256,
  "bandCount" : 1,
  "pixelType" : 10,
  "pixelSizeX" : 958.62709425852449,
  "pixelSizeY" : 958.62709425852427,
  "format" : "Cache/RAW",
  "compressionType" : "",
  "firstPyramidLevel" : 1,
  "maximumPyramidLevel" : 0,
  "packetSize" : 12,
  "compressionQuality" : 0,
  "pyramidResamplingType" : 0,
  "properties" : {
    "KIND" : "IMAGE",
    "BAND_COUNT" : "1",
    "HAS_TABLE" : "0",
    "HAS_XFORM" : "0",
    "BSQ" : "0",
    "BandProperties" : [
      {
        "NoData" : "0",
        "BandName" : "tropospheric_NO2_column_number_density",
        "type" : "PropertySet"
      }
    ],
    "DataType" : "Generic",
    "type" : "PropertySet"
  },
  "statistics" : [
    {
      "min" : 2.4277894331423074e-05,
      "max" : 0.00013943589112015765,
      "mean" : 5.8561231502293684e-05,
      "standardDeviation" : 2.2621815955503019e-05,
      "sum" : 0.1399613432904819,
      "median" : 5.8599493374340053e-05,
      "mode" : 2.8793894205491097e-05,
      "skipX" : 1,
      "skipY" : 1,
      "count" : 2390,
      "covariances" : "0.000000"
    }
  ],
  "histograms" : [
    {
      "size" : 256,
      "min" : 2.4277894331423074e-05,
      "max" : 0.00013943589112015765,
      "counts" : [
        1,
        2,
        2,
        7,
        13,
        11,
        13,
        18,
        19,
        37,
        56,
        40,
        37,
        44,
        43,
        47,
        36,
        31,
        26,
        28,
        21,
        17,
        24,
        19,
        14,
        11,
        5,
        13,
        8,
        12,
        11,
        9,
        15,
        10,
        11,
        8,
        7,
        5,
        7,
        8,
        7,
        4,
        12,
        8,
        16,
        10,
        7,
        8,
        10,
        17,
        15,
        13,
        7,
        14,
        8,
        16,
        10,
        7,
        10,
        17,
        11,
        16,
        18,
        14,
        14,
        18,
        12,
        15,
        15,
        9,
        12,
        14,
        11,
        15,
        13,
        21,
        12,
        10,
        8,
        15,
        15,
        24,
        20,
        19,
        13,
        16,
        18,
        10,
        28,
        15,
        18,
        13,
        24,
        19,
        17,
        17,
        22,
        17,
        22,
        16,
        19,
        12,
        16,
        12,
        16,
        19,
        23,
        17,
        19,
        19,
        27,
        21,
        12,
        13,
        22,
        11,
        14,
        9,
        9,
        9,
        16,
        7,
        12,
        9,
        9,
        10,
        10,
        8,
        12,
        8,
        7,
        9,
        10,
        12,
        10,
        6,
        6,
        4,
        4,
        9,
        6,
        5,
        6,
        10,
        7,
        9,
        5,
        6,
        11,
        11,
        12,
        10,
        12,
        8,
        7,
        12,
        7,
        6,
        9,
        7,
        5,
        4,
        4,
        4,
        2,
        10,
        3,
        9,
        7,
        4,
        2,
        6,
        6,
        1,
        2,
        0,
        6,
        2,
        2,
        5,
        2,
        2,
        1,
        2,
        2,
        3,
        2,
        6,
        1,
        3,
        4,
        3,
        1,
        3,
        6,
        1,
        0,
        0,
        0,
        0,
        0,
        0,
        0,
        0,
        0,
        0,
        0,
        0,
        0,
        0,
        0,
        0,
        0,
        0,
        0,
        0,
        0,
        0,
        0,
        0,
        0,
        0,
        0,
        0,
        0,
        0,
        0,
        0,
        0,
        0,
        0,
        0,
        1,
        0,
        0,
        0,
        0,
        0,
        0,
        0,
        0,
        0,
        0,
        0,
        0,
        0,
        0,
        0,
        0,
        0,
        0,
        0,
        0,
        1,
        0,
        1
      ]
    }
  ],
  "type" : "RasterInfo"
}