{
  "origin" : {
    "x" : 194121.643224369909,
    "y" : 2662383.45870195189,
    "spatialReference" : {
      "wkid" : 32646,
      "latestWkid" : 32646
    }
  },
  "extent" : {
    "xmin" : 194121.643224369909,
    "ymin" : 2602948.57885792339,
    "xmax" : 270811.810765051865,
    "ymax" : 2662383.45870195189,
    "spatialReference" : {
      "wkid" : 32646,
      "latestWkid" : 32646
    }
  },
  "geodataXform" : {
    "spatialReference" : {
      "wkid" : 32646,
      "latestWkid" : 32646
    },
    "type" : "IdentityXform"
  },
  "LODInfos" : {
    "resolutions" : [
      1917.2541885170485,
      958.62709425852427
    ],
    "levels" : [
      0,
      1
    ],
    "scales" : [
      7246300.5505839549,
      3623150.2752919775
    ],
    "dpi" : 96,
    "type" : "RasterLODInfos"
  },
  "blockWidth" : 256,
  "blockHeight" : 256,
  "bandCount" : 1,
  "pixelType" : 10,
  "pixelSizeX" : 958.62709425852449,
  "pixelSizeY" : 958.62709425852427,
  "format" : "Cache/RAW",
  "compressionType" : "",
  "firstPyramidLevel" : 1,
  "maximumPyramidLevel" : 0,
  "packetSize" : 12,
  "compressionQuality" : 0,
  "pyramidResamplingType" : 0,
  "properties" : {
    "KIND" : "IMAGE",
    "BAND_COUNT" : "1",
    "HAS_TABLE" : "0",
    "HAS_XFORM" : "0",
    "BSQ" : "0",
    "BandProperties" : [
      {
        "NoData" : "0",
        "BandName" : "tropospheric_NO2_column_number_density",
        "type" : "PropertySet"
      }
    ],
    "DataType" : "Generic",
    "type" : "PropertySet"
  },
  "statistics" : [
    {
      "min" : 4.8131010468735474e-05,
      "max" : 0.00032943750868712977,
      "mean" : 0.00013593947961744874,
      "standardDeviation" : 5.7097548742933585e-05,
      "sum" : 0.32489535628570249,
      "median" : 0.00012866189035086405,
      "mode" : 0.00012755872761275271,
      "skipX" : 1,
      "skipY" : 1,
      "count" : 2390,
      "covariances" : "0.000000"
    }
  ],
  "histograms" : [
    {
      "size" : 256,
      "min" : 4.8131010468735474e-05,
      "max" : 0.00032943750868712977,
      "counts" : [
        2,
        7,
        8,
        12,
        7,
        14,
        34,
        26,
        27,
        12,
        19,
        22,
        18,
        24,
        19,
        14,
        22,
        21,
        16,
        16,
        19,
        16,
        18,
        15,
        11,
        9,
        14,
        9,
        12,
        12,
        11,
        10,
        10,
        9,
        24,
        16,
        13,
        10,
        9,
        11,
        8,
        13,
        9,
        14,
        18,
        15,
        7,
        14,
        16,
        15,
        13,
        11,
        4,
        19,
        23,
        24,
        20,
        10,
        24,
        33,
        31,
        17,
        12,
        10,
        24,
        21,
        24,
        20,
        28,
        18,
        20,
        17,
        38,
        13,
        22,
        15,
        13,
        18,
        18,
        13,
        16,
        13,
        18,
        15,
        22,
        21,
        18,
        23,
        15,
        20,
        19,
        15,
        27,
        28,
        12,
        22,
        26,
        17,
        20,
        17,
        19,
        16,
        12,
        10,
        21,
        10,
        12,
        17,
        16,
        14,
        11,
        12,
        8,
        15,
        6,
        9,
        5,
        15,
        8,
        6,
        7,
        8,
        3,
        10,
        7,
        11,
        8,
        13,
        6,
        13,
        9,
        9,
        11,
        8,
        4,
        1,
        3,
        5,
        8,
        9,
        8,
        6,
        4,
        11,
        2,
        6,
        4,
        13,
        9,
        5,
        6,
        8,
        4,
        8,
        5,
        5,
        6,
        6,
        4,
        5,
        2,
        4,
        2,
        7,
        7,
        0,
        2,
        3,
        2,
        9,
        0,
        5,
        3,
        3,
        3,
        2,
        3,
        6,
        7,
        2,
        4,
        2,
        4,
        4,
        2,
        1,
        2,
        1,
        2,
        2,
        2,
        2,
        1,
        3,
        3,
        0,
        3,
        4,
        0,
        2,
        1,
        3,
        3,
        4,
        2,
        3,
        1,
        0,
        2,
        1,
        1,
        1,
        2,
        1,
        2,
        0,
        2,
        3,
        2,
        1,
        0,
        1,
        2,
        2,
        3,
        1,
        2,
        1,
        0,
        2,
        2,
        1,
        0,
        2,
        1,
        1,
        1,
        0,
        2,
        0,
        0,
        0,
        0,
        2,
        1,
        1,
        0,
        1,
        1,
        1,
        0,
        1,
        1,
        1,
        0,
        1
      ]
    }
  ],
  "type" : "RasterInfo"
}