{
  "origin" : {
    "x" : 194121.643224369909,
    "y" : 2662383.45870195189,
    "spatialReference" : {
      "wkid" : 32646,
      "latestWkid" : 32646
    }
  },
  "extent" : {
    "xmin" : 194121.643224369909,
    "ymin" : 2602948.57885792339,
    "xmax" : 270811.810765051865,
    "ymax" : 2662383.45870195189,
    "spatialReference" : {
      "wkid" : 32646,
      "latestWkid" : 32646
    }
  },
  "geodataXform" : {
    "spatialReference" : {
      "wkid" : 32646,
      "latestWkid" : 32646
    },
    "type" : "IdentityXform"
  },
  "LODInfos" : {
    "resolutions" : [
      1917.2541885170485,
      958.62709425852427
    ],
    "levels" : [
      0,
      1
    ],
    "scales" : [
      7246300.5505839549,
      3623150.2752919775
    ],
    "dpi" : 96,
    "type" : "RasterLODInfos"
  },
  "blockWidth" : 256,
  "blockHeight" : 256,
  "bandCount" : 1,
  "pixelType" : 10,
  "pixelSizeX" : 958.62709425852449,
  "pixelSizeY" : 958.62709425852427,
  "format" : "Cache/RAW",
  "compressionType" : "",
  "firstPyramidLevel" : 1,
  "maximumPyramidLevel" : 0,
  "packetSize" : 12,
  "compressionQuality" : 0,
  "pyramidResamplingType" : 0,
  "properties" : {
    "KIND" : "IMAGE",
    "BAND_COUNT" : "1",
    "HAS_TABLE" : "0",
    "HAS_XFORM" : "0",
    "BSQ" : "0",
    "BandProperties" : [
      {
        "NoData" : "0",
        "BandName" : "tropospheric_NO2_column_number_density",
        "type" : "PropertySet"
      }
    ],
    "DataType" : "Generic",
    "type" : "PropertySet"
  },
  "statistics" : [
    {
      "min" : 3.4689025387098049e-05,
      "max" : 0.0001803061197048672,
      "mean" : 8.0376831418365569e-05,
      "standardDeviation" : 2.883752381487677e-05,
      "sum" : 0.1921006270898937,
      "median" : 7.5233392824594565e-05,
      "mode" : 4.6681021389737863e-05,
      "skipX" : 1,
      "skipY" : 1,
      "count" : 2390,
      "covariances" : "0.000000"
    }
  ],
  "histograms" : [
    {
      "size" : 256,
      "min" : 3.4689025387098049e-05,
      "max" : 0.0001803061197048672,
      "counts" : [
        1,
        2,
        0,
        0,
        2,
        4,
        5,
        3,
        2,
        6,
        14,
        20,
        19,
        26,
        14,
        14,
        12,
        28,
        23,
        22,
        33,
        35,
        31,
        23,
        29,
        20,
        21,
        27,
        23,
        16,
        18,
        17,
        14,
        11,
        20,
        12,
        23,
        14,
        9,
        11,
        13,
        15,
        18,
        11,
        12,
        15,
        20,
        12,
        29,
        13,
        26,
        17,
        15,
        21,
        19,
        18,
        26,
        18,
        12,
        28,
        20,
        15,
        27,
        12,
        15,
        18,
        19,
        15,
        22,
        20,
        18,
        18,
        21,
        16,
        20,
        27,
        10,
        9,
        12,
        25,
        11,
        9,
        14,
        15,
        14,
        8,
        7,
        17,
        9,
        11,
        17,
        17,
        13,
        13,
        14,
        8,
        11,
        19,
        13,
        10,
        8,
        12,
        16,
        12,
        17,
        18,
        19,
        13,
        13,
        15,
        9,
        10,
        11,
        20,
        19,
        12,
        12,
        12,
        22,
        14,
        14,
        18,
        12,
        16,
        15,
        15,
        16,
        8,
        13,
        13,
        8,
        14,
        15,
        4,
        8,
        4,
        7,
        10,
        7,
        4,
        11,
        14,
        11,
        11,
        13,
        7,
        8,
        4,
        11,
        3,
        4,
        2,
        2,
        0,
        2,
        4,
        2,
        2,
        4,
        5,
        1,
        2,
        2,
        5,
        2,
        5,
        4,
        4,
        5,
        7,
        2,
        4,
        2,
        3,
        2,
        0,
        4,
        2,
        3,
        2,
        0,
        6,
        2,
        8,
        4,
        7,
        7,
        6,
        3,
        0,
        3,
        0,
        1,
        1,
        1,
        1,
        2,
        1,
        1,
        2,
        0,
        0,
        0,
        0,
        0,
        4,
        2,
        1,
        4,
        2,
        1,
        1,
        2,
        1,
        4,
        0,
        1,
        2,
        1,
        0,
        0,
        0,
        1,
        12,
        0,
        0,
        0,
        0,
        1,
        1,
        0,
        0,
        0,
        0,
        0,
        1,
        1,
        3,
        1,
        3,
        1,
        0,
        0,
        1,
        2,
        0,
        0,
        0,
        0,
        0,
        1,
        1,
        0,
        0,
        0,
        1
      ]
    }
  ],
  "type" : "RasterInfo"
}