{
  "origin" : {
    "x" : 194121.643224369909,
    "y" : 2662383.45870195189,
    "spatialReference" : {
      "wkid" : 32646,
      "latestWkid" : 32646
    }
  },
  "extent" : {
    "xmin" : 194121.643224369909,
    "ymin" : 2602948.57885792339,
    "xmax" : 270811.810765051865,
    "ymax" : 2662383.45870195189,
    "spatialReference" : {
      "wkid" : 32646,
      "latestWkid" : 32646
    }
  },
  "geodataXform" : {
    "spatialReference" : {
      "wkid" : 32646,
      "latestWkid" : 32646
    },
    "type" : "IdentityXform"
  },
  "LODInfos" : {
    "resolutions" : [
      1917.2541885170485,
      958.62709425852427
    ],
    "levels" : [
      0,
      1
    ],
    "scales" : [
      7246300.5505839549,
      3623150.2752919775
    ],
    "dpi" : 96,
    "type" : "RasterLODInfos"
  },
  "blockWidth" : 256,
  "blockHeight" : 256,
  "bandCount" : 1,
  "pixelType" : 10,
  "pixelSizeX" : 958.62709425852449,
  "pixelSizeY" : 958.62709425852427,
  "format" : "Cache/RAW",
  "compressionType" : "",
  "firstPyramidLevel" : 1,
  "maximumPyramidLevel" : 0,
  "packetSize" : 12,
  "compressionQuality" : 0,
  "pyramidResamplingType" : 0,
  "properties" : {
    "KIND" : "IMAGE",
    "BAND_COUNT" : "1",
    "HAS_TABLE" : "0",
    "HAS_XFORM" : "0",
    "BSQ" : "0",
    "BandProperties" : [
      {
        "NoData" : "0",
        "BandName" : "tropospheric_NO2_column_number_density",
        "type" : "PropertySet"
      }
    ],
    "DataType" : "Generic",
    "type" : "PropertySet"
  },
  "statistics" : [
    {
      "min" : 2.6149552564187135e-05,
      "max" : 8.5038256091812451e-05,
      "mean" : 4.7009045478511239e-05,
      "standardDeviation" : 1.2859678196361568e-05,
      "sum" : 0.11235161869364187,
      "median" : 4.5086312129933318e-05,
      "mode" : 4.3469759484076934e-05,
      "skipX" : 1,
      "skipY" : 1,
      "count" : 2390,
      "covariances" : "0.000000"
    }
  ],
  "histograms" : [
    {
      "size" : 256,
      "min" : 2.6149552564187135e-05,
      "max" : 8.5038256091812451e-05,
      "counts" : [
        1,
        1,
        2,
        2,
        4,
        5,
        5,
        16,
        15,
        6,
        11,
        18,
        21,
        15,
        23,
        25,
        21,
        23,
        23,
        28,
        20,
        16,
        20,
        16,
        12,
        25,
        11,
        13,
        9,
        15,
        10,
        11,
        7,
        7,
        11,
        5,
        11,
        14,
        10,
        10,
        15,
        15,
        11,
        10,
        11,
        17,
        14,
        14,
        22,
        16,
        13,
        8,
        10,
        12,
        8,
        15,
        8,
        9,
        13,
        6,
        17,
        17,
        26,
        29,
        18,
        16,
        9,
        20,
        17,
        20,
        17,
        17,
        26,
        23,
        19,
        31,
        20,
        17,
        14,
        28,
        14,
        9,
        16,
        11,
        21,
        8,
        18,
        17,
        15,
        17,
        11,
        18,
        17,
        14,
        16,
        18,
        14,
        19,
        14,
        8,
        7,
        14,
        9,
        7,
        9,
        7,
        15,
        10,
        17,
        7,
        13,
        21,
        22,
        13,
        8,
        13,
        14,
        16,
        9,
        15,
        11,
        11,
        10,
        7,
        13,
        12,
        6,
        7,
        9,
        9,
        10,
        10,
        9,
        10,
        12,
        19,
        13,
        10,
        5,
        10,
        6,
        14,
        8,
        5,
        8,
        6,
        11,
        10,
        3,
        3,
        12,
        7,
        5,
        5,
        5,
        10,
        9,
        8,
        15,
        8,
        4,
        16,
        5,
        6,
        6,
        5,
        3,
        11,
        9,
        6,
        6,
        6,
        10,
        6,
        12,
        8,
        8,
        3,
        9,
        5,
        9,
        5,
        5,
        0,
        7,
        9,
        2,
        5,
        3,
        9,
        2,
        2,
        6,
        7,
        5,
        4,
        3,
        4,
        4,
        4,
        2,
        4,
        3,
        0,
        3,
        3,
        3,
        2,
        5,
        4,
        4,
        2,
        1,
        0,
        3,
        0,
        1,
        2,
        4,
        3,
        1,
        5,
        0,
        0,
        2,
        6,
        1,
        0,
        1,
        1,
        0,
        0,
        1,
        0,
        0,
        1,
        1,
        1,
        0,
        1,
        0,
        1,
        2,
        2,
        0,
        1,
        2,
        1,
        1,
        0,
        0,
        0,
        0,
        1,
        0,
        1
      ]
    }
  ],
  "type" : "RasterInfo"
}