{
  "origin" : {
    "x" : 194121.643224369909,
    "y" : 2662383.45870195189,
    "spatialReference" : {
      "wkid" : 32646,
      "latestWkid" : 32646
    }
  },
  "extent" : {
    "xmin" : 194121.643224369909,
    "ymin" : 2602948.57885792339,
    "xmax" : 270811.810765051865,
    "ymax" : 2662383.45870195189,
    "spatialReference" : {
      "wkid" : 32646,
      "latestWkid" : 32646
    }
  },
  "geodataXform" : {
    "spatialReference" : {
      "wkid" : 32646,
      "latestWkid" : 32646
    },
    "type" : "IdentityXform"
  },
  "LODInfos" : {
    "resolutions" : [
      1917.2541885170485,
      958.62709425852427
    ],
    "levels" : [
      0,
      1
    ],
    "scales" : [
      7246300.5505839549,
      3623150.2752919775
    ],
    "dpi" : 96,
    "type" : "RasterLODInfos"
  },
  "blockWidth" : 256,
  "blockHeight" : 256,
  "bandCount" : 1,
  "pixelType" : 10,
  "pixelSizeX" : 958.62709425852449,
  "pixelSizeY" : 958.62709425852427,
  "format" : "Cache/RAW",
  "compressionType" : "",
  "firstPyramidLevel" : 1,
  "maximumPyramidLevel" : 0,
  "packetSize" : 12,
  "compressionQuality" : 0,
  "pyramidResamplingType" : 0,
  "properties" : {
    "KIND" : "IMAGE",
    "BAND_COUNT" : "1",
    "HAS_TABLE" : "0",
    "HAS_XFORM" : "0",
    "BSQ" : "0",
    "BandProperties" : [
      {
        "NoData" : "0",
        "BandName" : "tropospheric_NO2_column_number_density",
        "type" : "PropertySet"
      }
    ],
    "DataType" : "Generic",
    "type" : "PropertySet"
  },
  "statistics" : [
    {
      "min" : 4.340151195506697e-05,
      "max" : 0.00047358211116371008,
      "mean" : 0.00024523758766842107,
      "standardDeviation" : 0.00012689643845818508,
      "sum" : 0.5861178345275263,
      "median" : 0.00025258737196240714,
      "mode" : 6.0271339375013761e-05,
      "skipX" : 1,
      "skipY" : 1,
      "count" : 2390,
      "covariances" : "0.000000"
    }
  ],
  "histograms" : [
    {
      "size" : 256,
      "min" : 4.340151195506697e-05,
      "max" : 0.00047358211116371008,
      "counts" : [
        5,
        12,
        11,
        17,
        10,
        23,
        17,
        21,
        22,
        22,
        28,
        24,
        18,
        20,
        23,
        16,
        21,
        17,
        19,
        16,
        25,
        20,
        13,
        14,
        18,
        11,
        8,
        8,
        7,
        3,
        8,
        9,
        9,
        8,
        24,
        13,
        12,
        8,
        11,
        3,
        7,
        10,
        4,
        8,
        6,
        4,
        4,
        1,
        2,
        9,
        6,
        3,
        2,
        6,
        6,
        4,
        8,
        2,
        6,
        4,
        3,
        3,
        4,
        8,
        3,
        3,
        2,
        3,
        3,
        8,
        6,
        3,
        5,
        7,
        6,
        2,
        3,
        8,
        2,
        8,
        6,
        3,
        3,
        5,
        9,
        4,
        2,
        9,
        5,
        8,
        3,
        8,
        3,
        7,
        9,
        4,
        4,
        5,
        10,
        12,
        10,
        9,
        10,
        10,
        6,
        3,
        15,
        6,
        12,
        13,
        19,
        9,
        20,
        8,
        12,
        12,
        14,
        16,
        11,
        9,
        15,
        11,
        11,
        17,
        19,
        9,
        8,
        12,
        12,
        6,
        15,
        8,
        17,
        3,
        12,
        6,
        8,
        12,
        19,
        12,
        7,
        9,
        9,
        13,
        17,
        14,
        6,
        7,
        10,
        6,
        7,
        7,
        12,
        8,
        15,
        7,
        14,
        14,
        7,
        14,
        8,
        11,
        8,
        8,
        11,
        8,
        7,
        5,
        6,
        12,
        7,
        12,
        2,
        7,
        10,
        11,
        14,
        16,
        8,
        4,
        6,
        7,
        11,
        4,
        8,
        12,
        8,
        11,
        8,
        7,
        14,
        14,
        16,
        9,
        13,
        11,
        4,
        9,
        10,
        6,
        11,
        6,
        15,
        13,
        15,
        15,
        13,
        6,
        8,
        13,
        7,
        15,
        8,
        10,
        8,
        10,
        12,
        22,
        14,
        9,
        10,
        15,
        14,
        15,
        8,
        16,
        14,
        10,
        15,
        13,
        12,
        6,
        8,
        10,
        12,
        6,
        4,
        5,
        2,
        0,
        4,
        1,
        1,
        2,
        1,
        3,
        7,
        1,
        1,
        3,
        4,
        5,
        0,
        2,
        2,
        1
      ]
    }
  ],
  "type" : "RasterInfo"
}