{
  "origin" : {
    "x" : 194121.643224369909,
    "y" : 2662383.45870195189,
    "spatialReference" : {
      "wkid" : 32646,
      "latestWkid" : 32646
    }
  },
  "extent" : {
    "xmin" : 194121.643224369909,
    "ymin" : 2602948.57885792339,
    "xmax" : 270811.810765051865,
    "ymax" : 2662383.45870195189,
    "spatialReference" : {
      "wkid" : 32646,
      "latestWkid" : 32646
    }
  },
  "geodataXform" : {
    "spatialReference" : {
      "wkid" : 32646,
      "latestWkid" : 32646
    },
    "type" : "IdentityXform"
  },
  "LODInfos" : {
    "resolutions" : [
      1917.2541885170485,
      958.62709425852427
    ],
    "levels" : [
      0,
      1
    ],
    "scales" : [
      7246300.5505839549,
      3623150.2752919775
    ],
    "dpi" : 96,
    "type" : "RasterLODInfos"
  },
  "blockWidth" : 256,
  "blockHeight" : 256,
  "bandCount" : 1,
  "pixelType" : 10,
  "pixelSizeX" : 958.62709425852449,
  "pixelSizeY" : 958.62709425852427,
  "format" : "Cache/RAW",
  "compressionType" : "",
  "firstPyramidLevel" : 1,
  "maximumPyramidLevel" : 0,
  "packetSize" : 12,
  "compressionQuality" : 0,
  "pyramidResamplingType" : 0,
  "properties" : {
    "KIND" : "IMAGE",
    "BAND_COUNT" : "1",
    "HAS_TABLE" : "0",
    "HAS_XFORM" : "0",
    "BSQ" : "0",
    "BandProperties" : [
      {
        "NoData" : "0",
        "BandName" : "tropospheric_NO2_column_number_density",
        "type" : "PropertySet"
      }
    ],
    "DataType" : "Generic",
    "type" : "PropertySet"
  },
  "statistics" : [
    {
      "min" : 2.3438757863708548e-05,
      "max" : 0.00012215013797747394,
      "mean" : 5.8329794548287749e-05,
      "standardDeviation" : 2.2882096856564472e-05,
      "sum" : 0.13940820897040773,
      "median" : 5.9439378846375926e-05,
      "mode" : 3.4664757955077945e-05,
      "skipX" : 1,
      "skipY" : 1,
      "count" : 2390,
      "covariances" : "0.000000"
    }
  ],
  "histograms" : [
    {
      "size" : 256,
      "min" : 2.3438757863708548e-05,
      "max" : 0.00012215013797747394,
      "counts" : [
        3,
        3,
        1,
        5,
        1,
        3,
        5,
        5,
        1,
        4,
        2,
        5,
        7,
        7,
        10,
        25,
        23,
        25,
        14,
        44,
        28,
        32,
        31,
        32,
        32,
        42,
        36,
        34,
        34,
        48,
        24,
        29,
        30,
        25,
        29,
        27,
        18,
        21,
        16,
        23,
        21,
        9,
        6,
        11,
        12,
        8,
        9,
        9,
        9,
        5,
        9,
        10,
        12,
        7,
        4,
        8,
        10,
        6,
        8,
        5,
        6,
        10,
        7,
        5,
        5,
        5,
        5,
        6,
        7,
        7,
        11,
        7,
        10,
        7,
        9,
        2,
        7,
        6,
        1,
        6,
        4,
        2,
        1,
        6,
        9,
        6,
        9,
        11,
        11,
        5,
        5,
        13,
        12,
        10,
        13,
        15,
        14,
        12,
        10,
        12,
        10,
        17,
        15,
        17,
        28,
        15,
        15,
        13,
        15,
        25,
        18,
        21,
        22,
        26,
        19,
        16,
        13,
        14,
        17,
        25,
        21,
        17,
        20,
        21,
        11,
        16,
        13,
        20,
        14,
        16,
        11,
        18,
        17,
        11,
        18,
        11,
        8,
        13,
        11,
        12,
        8,
        9,
        7,
        9,
        8,
        7,
        5,
        6,
        6,
        3,
        5,
        7,
        6,
        1,
        4,
        6,
        10,
        7,
        4,
        8,
        6,
        8,
        8,
        10,
        5,
        7,
        4,
        5,
        3,
        8,
        7,
        8,
        7,
        6,
        6,
        6,
        5,
        9,
        7,
        6,
        3,
        5,
        4,
        6,
        6,
        5,
        2,
        5,
        6,
        4,
        5,
        3,
        4,
        4,
        3,
        1,
        5,
        3,
        4,
        5,
        6,
        4,
        4,
        4,
        5,
        2,
        2,
        4,
        7,
        4,
        5,
        1,
        8,
        4,
        6,
        2,
        1,
        2,
        0,
        2,
        8,
        0,
        4,
        2,
        3,
        0,
        2,
        1,
        2,
        1,
        2,
        2,
        4,
        0,
        1,
        1,
        3,
        3,
        1,
        0,
        0,
        2,
        0,
        1,
        0,
        1,
        0,
        0,
        0,
        0,
        1,
        0,
        0,
        0,
        0,
        1
      ]
    }
  ],
  "type" : "RasterInfo"
}