{
  "origin" : {
    "x" : 194121.643224369909,
    "y" : 2662383.45870195189,
    "spatialReference" : {
      "wkid" : 32646,
      "latestWkid" : 32646
    }
  },
  "extent" : {
    "xmin" : 194121.643224369909,
    "ymin" : 2602948.57885792339,
    "xmax" : 270811.810765051865,
    "ymax" : 2662383.45870195189,
    "spatialReference" : {
      "wkid" : 32646,
      "latestWkid" : 32646
    }
  },
  "geodataXform" : {
    "spatialReference" : {
      "wkid" : 32646,
      "latestWkid" : 32646
    },
    "type" : "IdentityXform"
  },
  "LODInfos" : {
    "resolutions" : [
      1917.2541885170485,
      958.62709425852427
    ],
    "levels" : [
      0,
      1
    ],
    "scales" : [
      7246300.5505839549,
      3623150.2752919775
    ],
    "dpi" : 96,
    "type" : "RasterLODInfos"
  },
  "blockWidth" : 256,
  "blockHeight" : 256,
  "bandCount" : 1,
  "pixelType" : 10,
  "pixelSizeX" : 958.62709425852449,
  "pixelSizeY" : 958.62709425852427,
  "format" : "Cache/RAW",
  "compressionType" : "",
  "firstPyramidLevel" : 1,
  "maximumPyramidLevel" : 0,
  "packetSize" : 12,
  "compressionQuality" : 0,
  "pyramidResamplingType" : 0,
  "properties" : {
    "KIND" : "IMAGE",
    "BAND_COUNT" : "1",
    "HAS_TABLE" : "0",
    "HAS_XFORM" : "0",
    "BSQ" : "0",
    "BandProperties" : [
      {
        "NoData" : "0",
        "BandName" : "tropospheric_NO2_column_number_density",
        "type" : "PropertySet"
      }
    ],
    "DataType" : "Generic",
    "type" : "PropertySet"
  },
  "statistics" : [
    {
      "min" : 4.1274617241728376e-05,
      "max" : 0.00025933146755007208,
      "mean" : 0.00012429187256875079,
      "standardDeviation" : 6.2098051723805171e-05,
      "sum" : 0.29705757543931438,
      "median" : 0.00012080123323653608,
      "mode" : 4.5550241757578254e-05,
      "skipX" : 1,
      "skipY" : 1,
      "count" : 2390,
      "covariances" : "0.000000"
    }
  ],
  "histograms" : [
    {
      "size" : 256,
      "min" : 4.1274617241728376e-05,
      "max" : 0.00025933146755007208,
      "counts" : [
        4,
        11,
        18,
        26,
        74,
        84,
        68,
        43,
        22,
        33,
        18,
        5,
        3,
        9,
        10,
        16,
        8,
        14,
        11,
        6,
        6,
        15,
        9,
        11,
        24,
        18,
        30,
        28,
        17,
        21,
        13,
        18,
        11,
        18,
        18,
        13,
        13,
        10,
        5,
        11,
        13,
        8,
        10,
        6,
        10,
        8,
        9,
        8,
        11,
        7,
        8,
        7,
        8,
        12,
        7,
        9,
        6,
        7,
        9,
        15,
        3,
        2,
        7,
        8,
        6,
        8,
        6,
        10,
        4,
        4,
        8,
        12,
        4,
        4,
        6,
        7,
        8,
        3,
        6,
        4,
        9,
        10,
        2,
        11,
        10,
        3,
        8,
        5,
        7,
        7,
        6,
        16,
        4,
        7,
        5,
        7,
        10,
        8,
        12,
        7,
        11,
        10,
        8,
        9,
        16,
        6,
        11,
        13,
        13,
        19,
        15,
        10,
        5,
        13,
        10,
        11,
        13,
        8,
        6,
        4,
        8,
        6,
        6,
        7,
        6,
        7,
        8,
        6,
        9,
        8,
        3,
        4,
        7,
        12,
        3,
        4,
        9,
        5,
        4,
        3,
        4,
        4,
        4,
        5,
        8,
        10,
        2,
        10,
        15,
        14,
        12,
        8,
        12,
        15,
        7,
        10,
        7,
        14,
        10,
        9,
        16,
        6,
        14,
        8,
        11,
        10,
        11,
        12,
        9,
        10,
        8,
        11,
        12,
        8,
        11,
        10,
        9,
        3,
        6,
        15,
        9,
        9,
        7,
        12,
        12,
        15,
        15,
        14,
        7,
        20,
        10,
        14,
        12,
        13,
        11,
        13,
        11,
        8,
        6,
        15,
        4,
        6,
        7,
        4,
        11,
        5,
        7,
        9,
        8,
        3,
        2,
        4,
        3,
        5,
        6,
        10,
        7,
        7,
        5,
        5,
        3,
        1,
        3,
        6,
        2,
        1,
        1,
        3,
        1,
        3,
        3,
        1,
        2,
        1,
        3,
        6,
        1,
        6,
        3,
        5,
        1,
        6,
        4,
        3,
        3,
        0,
        0,
        3,
        0,
        1,
        0,
        0,
        2,
        0,
        0,
        1
      ]
    }
  ],
  "type" : "RasterInfo"
}