{
  "origin" : {
    "x" : 194121.643224369909,
    "y" : 2662383.45870195189,
    "spatialReference" : {
      "wkid" : 32646,
      "latestWkid" : 32646
    }
  },
  "extent" : {
    "xmin" : 194121.643224369909,
    "ymin" : 2602948.57885792339,
    "xmax" : 270811.810765051865,
    "ymax" : 2662383.45870195189,
    "spatialReference" : {
      "wkid" : 32646,
      "latestWkid" : 32646
    }
  },
  "geodataXform" : {
    "spatialReference" : {
      "wkid" : 32646,
      "latestWkid" : 32646
    },
    "type" : "IdentityXform"
  },
  "LODInfos" : {
    "resolutions" : [
      1917.2541885170485,
      958.62709425852427
    ],
    "levels" : [
      0,
      1
    ],
    "scales" : [
      7246300.5505839549,
      3623150.2752919775
    ],
    "dpi" : 96,
    "type" : "RasterLODInfos"
  },
  "blockWidth" : 256,
  "blockHeight" : 256,
  "bandCount" : 1,
  "pixelType" : 10,
  "pixelSizeX" : 958.62709425852449,
  "pixelSizeY" : 958.62709425852427,
  "format" : "Cache/RAW",
  "compressionType" : "",
  "firstPyramidLevel" : 1,
  "maximumPyramidLevel" : 0,
  "packetSize" : 12,
  "compressionQuality" : 0,
  "pyramidResamplingType" : 0,
  "properties" : {
    "KIND" : "IMAGE",
    "BAND_COUNT" : "1",
    "HAS_TABLE" : "0",
    "HAS_XFORM" : "0",
    "BSQ" : "0",
    "BandProperties" : [
      {
        "NoData" : "0",
        "BandName" : "tropospheric_NO2_column_number_density",
        "type" : "PropertySet"
      }
    ],
    "DataType" : "Generic",
    "type" : "PropertySet"
  },
  "statistics" : [
    {
      "min" : 3.5194236833271563e-05,
      "max" : 0.00021922397139538595,
      "mean" : 0.00010654751985470179,
      "standardDeviation" : 4.6781043864275085e-05,
      "sum" : 0.25464857245273725,
      "median" : 0.00010952781589169424,
      "mode" : 3.8802663001156158e-05,
      "skipX" : 1,
      "skipY" : 1,
      "count" : 2390,
      "covariances" : "0.000000"
    }
  ],
  "histograms" : [
    {
      "size" : 256,
      "min" : 3.5194236833271563e-05,
      "max" : 0.00021922397139538595,
      "counts" : [
        2,
        2,
        9,
        17,
        34,
        51,
        45,
        30,
        15,
        12,
        26,
        27,
        23,
        15,
        13,
        16,
        15,
        8,
        10,
        14,
        14,
        23,
        13,
        22,
        13,
        11,
        17,
        22,
        15,
        15,
        19,
        12,
        10,
        18,
        9,
        14,
        5,
        16,
        7,
        9,
        9,
        8,
        9,
        3,
        4,
        4,
        6,
        1,
        5,
        4,
        8,
        10,
        9,
        10,
        10,
        6,
        14,
        15,
        6,
        5,
        6,
        10,
        11,
        7,
        6,
        7,
        6,
        6,
        12,
        9,
        7,
        1,
        8,
        11,
        9,
        13,
        12,
        11,
        6,
        11,
        7,
        3,
        12,
        7,
        9,
        4,
        12,
        8,
        1,
        15,
        9,
        8,
        13,
        7,
        13,
        15,
        11,
        13,
        7,
        4,
        7,
        9,
        10,
        15,
        10,
        10,
        14,
        10,
        11,
        17,
        16,
        6,
        11,
        12,
        6,
        12,
        10,
        11,
        11,
        16,
        8,
        5,
        15,
        11,
        8,
        17,
        11,
        8,
        13,
        8,
        13,
        10,
        13,
        18,
        16,
        12,
        12,
        20,
        6,
        14,
        8,
        6,
        12,
        12,
        14,
        17,
        21,
        21,
        16,
        19,
        20,
        10,
        13,
        14,
        11,
        16,
        15,
        13,
        23,
        10,
        11,
        11,
        10,
        9,
        13,
        14,
        10,
        13,
        11,
        13,
        8,
        13,
        9,
        6,
        10,
        7,
        8,
        9,
        3,
        12,
        12,
        11,
        10,
        12,
        15,
        8,
        6,
        11,
        10,
        7,
        13,
        11,
        7,
        6,
        1,
        8,
        8,
        4,
        2,
        10,
        3,
        4,
        4,
        1,
        0,
        5,
        6,
        7,
        5,
        3,
        4,
        0,
        1,
        1,
        0,
        0,
        4,
        3,
        2,
        1,
        3,
        0,
        1,
        4,
        2,
        1,
        1,
        0,
        2,
        1,
        3,
        1,
        2,
        2,
        0,
        3,
        0,
        0,
        0,
        1,
        3,
        2,
        1,
        0,
        1,
        0,
        4,
        2,
        3,
        1,
        0,
        1,
        2,
        2,
        0,
        1
      ]
    }
  ],
  "type" : "RasterInfo"
}