{
  "origin" : {
    "x" : 194121.643224369909,
    "y" : 2662383.45870195189,
    "spatialReference" : {
      "wkid" : 32646,
      "latestWkid" : 32646
    }
  },
  "extent" : {
    "xmin" : 194121.643224369909,
    "ymin" : 2602948.57885792339,
    "xmax" : 270811.810765051865,
    "ymax" : 2662383.45870195189,
    "spatialReference" : {
      "wkid" : 32646,
      "latestWkid" : 32646
    }
  },
  "geodataXform" : {
    "spatialReference" : {
      "wkid" : 32646,
      "latestWkid" : 32646
    },
    "type" : "IdentityXform"
  },
  "LODInfos" : {
    "resolutions" : [
      1917.2541885170485,
      958.62709425852427
    ],
    "levels" : [
      0,
      1
    ],
    "scales" : [
      7246300.5505839549,
      3623150.2752919775
    ],
    "dpi" : 96,
    "type" : "RasterLODInfos"
  },
  "blockWidth" : 256,
  "blockHeight" : 256,
  "bandCount" : 1,
  "pixelType" : 10,
  "pixelSizeX" : 958.62709425852449,
  "pixelSizeY" : 958.62709425852427,
  "format" : "Cache/RAW",
  "compressionType" : "",
  "firstPyramidLevel" : 1,
  "maximumPyramidLevel" : 0,
  "packetSize" : 12,
  "compressionQuality" : 0,
  "pyramidResamplingType" : 0,
  "properties" : {
    "KIND" : "IMAGE",
    "BAND_COUNT" : "1",
    "HAS_TABLE" : "0",
    "HAS_XFORM" : "0",
    "BSQ" : "0",
    "BandProperties" : [
      {
        "NoData" : "0",
        "BandName" : "tropospheric_NO2_column_number_density",
        "type" : "PropertySet"
      }
    ],
    "DataType" : "Generic",
    "type" : "PropertySet"
  },
  "statistics" : [
    {
      "min" : 2.7480876000782639e-05,
      "max" : 0.0001789505953090502,
      "mean" : 8.6477528172698454e-05,
      "standardDeviation" : 3.5141086978547846e-05,
      "sum" : 0.20668129233274932,
      "median" : 8.6880765925593452e-05,
      "mode" : 4.2924847381233451e-05,
      "skipX" : 1,
      "skipY" : 1,
      "count" : 2390,
      "covariances" : "0.000000"
    }
  ],
  "histograms" : [
    {
      "size" : 256,
      "min" : 2.7480876000782639e-05,
      "max" : 0.0001789505953090502,
      "counts" : [
        3,
        1,
        0,
        0,
        1,
        1,
        0,
        2,
        3,
        0,
        0,
        2,
        0,
        2,
        4,
        12,
        19,
        29,
        15,
        17,
        22,
        29,
        21,
        38,
        34,
        22,
        49,
        28,
        16,
        22,
        24,
        27,
        13,
        12,
        10,
        6,
        12,
        6,
        10,
        12,
        16,
        14,
        25,
        23,
        23,
        17,
        17,
        14,
        12,
        12,
        21,
        12,
        20,
        16,
        11,
        8,
        15,
        14,
        15,
        17,
        12,
        13,
        11,
        20,
        14,
        14,
        13,
        11,
        6,
        8,
        9,
        9,
        8,
        11,
        2,
        10,
        6,
        11,
        6,
        5,
        5,
        11,
        2,
        2,
        7,
        8,
        6,
        6,
        11,
        9,
        7,
        8,
        5,
        5,
        11,
        11,
        5,
        6,
        9,
        7,
        10,
        5,
        15,
        9,
        10,
        8,
        15,
        15,
        10,
        9,
        7,
        10,
        8,
        14,
        11,
        16,
        10,
        13,
        18,
        14,
        15,
        15,
        20,
        17,
        16,
        17,
        9,
        15,
        4,
        18,
        15,
        12,
        12,
        13,
        17,
        13,
        10,
        14,
        16,
        14,
        14,
        20,
        15,
        13,
        13,
        10,
        11,
        18,
        5,
        10,
        24,
        16,
        12,
        9,
        10,
        9,
        10,
        13,
        17,
        11,
        11,
        11,
        8,
        5,
        12,
        12,
        10,
        7,
        9,
        13,
        10,
        6,
        15,
        11,
        2,
        6,
        9,
        5,
        6,
        5,
        3,
        10,
        6,
        12,
        13,
        9,
        6,
        10,
        12,
        5,
        4,
        10,
        7,
        3,
        10,
        5,
        5,
        10,
        11,
        6,
        9,
        5,
        7,
        9,
        3,
        11,
        6,
        4,
        2,
        2,
        5,
        5,
        2,
        0,
        5,
        6,
        1,
        2,
        1,
        2,
        0,
        1,
        1,
        0,
        1,
        1,
        1,
        0,
        0,
        3,
        3,
        1,
        1,
        0,
        1,
        1,
        2,
        0,
        0,
        0,
        0,
        0,
        0,
        0,
        0,
        0,
        0,
        0,
        0,
        0,
        0,
        0,
        0,
        0,
        0,
        1
      ]
    }
  ],
  "type" : "RasterInfo"
}