{
  "origin" : {
    "x" : 194121.643224369909,
    "y" : 2662383.45870195189,
    "spatialReference" : {
      "wkid" : 32646,
      "latestWkid" : 32646
    }
  },
  "extent" : {
    "xmin" : 194121.643224369909,
    "ymin" : 2602948.57885792339,
    "xmax" : 270811.810765051865,
    "ymax" : 2662383.45870195189,
    "spatialReference" : {
      "wkid" : 32646,
      "latestWkid" : 32646
    }
  },
  "geodataXform" : {
    "spatialReference" : {
      "wkid" : 32646,
      "latestWkid" : 32646
    },
    "type" : "IdentityXform"
  },
  "LODInfos" : {
    "resolutions" : [
      1917.2541885170485,
      958.62709425852427
    ],
    "levels" : [
      0,
      1
    ],
    "scales" : [
      7246300.5505839549,
      3623150.2752919775
    ],
    "dpi" : 96,
    "type" : "RasterLODInfos"
  },
  "blockWidth" : 256,
  "blockHeight" : 256,
  "bandCount" : 1,
  "pixelType" : 10,
  "pixelSizeX" : 958.62709425852449,
  "pixelSizeY" : 958.62709425852427,
  "format" : "Cache/RAW",
  "compressionType" : "",
  "firstPyramidLevel" : 1,
  "maximumPyramidLevel" : 0,
  "packetSize" : 12,
  "compressionQuality" : 0,
  "pyramidResamplingType" : 0,
  "properties" : {
    "KIND" : "IMAGE",
    "BAND_COUNT" : "1",
    "HAS_TABLE" : "0",
    "HAS_XFORM" : "0",
    "BSQ" : "0",
    "BandProperties" : [
      {
        "NoData" : "0",
        "BandName" : "tropospheric_NO2_column_number_density",
        "type" : "PropertySet"
      }
    ],
    "DataType" : "Generic",
    "type" : "PropertySet"
  },
  "statistics" : [
    {
      "min" : 5.2213044990481999e-05,
      "max" : 0.00033223139614296603,
      "mean" : 0.00016055084738536516,
      "standardDeviation" : 6.7918862828551834e-05,
      "sum" : 0.38371652525102273,
      "median" : 0.00015653360718454468,
      "skipX" : 1,
      "skipY" : 1,
      "count" : 2390,
      "covariances" : "0.000000"
    }
  ],
  "histograms" : [
    {
      "size" : 256,
      "min" : 5.2213044990481999e-05,
      "max" : 0.00033223139614296603,
      "counts" : [
        3,
        1,
        3,
        15,
        9,
        16,
        2,
        6,
        4,
        10,
        8,
        26,
        38,
        56,
        56,
        40,
        23,
        36,
        37,
        27,
        14,
        15,
        14,
        12,
        11,
        12,
        18,
        12,
        7,
        15,
        0,
        6,
        7,
        3,
        5,
        5,
        2,
        5,
        7,
        5,
        7,
        5,
        4,
        6,
        7,
        4,
        3,
        3,
        5,
        1,
        4,
        1,
        6,
        4,
        7,
        8,
        3,
        13,
        8,
        11,
        4,
        4,
        12,
        4,
        5,
        5,
        11,
        9,
        13,
        17,
        13,
        19,
        9,
        15,
        15,
        8,
        13,
        12,
        14,
        24,
        11,
        20,
        17,
        19,
        11,
        21,
        19,
        22,
        15,
        20,
        24,
        25,
        8,
        15,
        16,
        16,
        20,
        12,
        12,
        5,
        10,
        8,
        8,
        10,
        10,
        6,
        13,
        12,
        7,
        2,
        13,
        18,
        13,
        8,
        8,
        10,
        6,
        12,
        14,
        14,
        17,
        15,
        12,
        13,
        9,
        13,
        7,
        5,
        13,
        7,
        10,
        6,
        17,
        10,
        18,
        14,
        8,
        14,
        14,
        12,
        18,
        11,
        13,
        16,
        9,
        17,
        18,
        19,
        18,
        15,
        22,
        12,
        12,
        13,
        21,
        12,
        17,
        13,
        13,
        12,
        7,
        11,
        13,
        9,
        14,
        12,
        16,
        11,
        17,
        9,
        5,
        5,
        8,
        6,
        7,
        4,
        3,
        2,
        2,
        6,
        7,
        8,
        7,
        4,
        3,
        3,
        8,
        3,
        3,
        5,
        6,
        7,
        8,
        4,
        4,
        4,
        5,
        3,
        4,
        6,
        2,
        3,
        1,
        1,
        2,
        4,
        3,
        1,
        3,
        6,
        2,
        3,
        1,
        3,
        2,
        4,
        1,
        4,
        1,
        10,
        8,
        2,
        2,
        3,
        1,
        1,
        0,
        3,
        2,
        0,
        4,
        7,
        3,
        1,
        4,
        4,
        2,
        4,
        1,
        0,
        3,
        0,
        2,
        1,
        3,
        4,
        1,
        1,
        2,
        0,
        0,
        2,
        0,
        0,
        0,
        1
      ]
    }
  ],
  "type" : "RasterInfo"
}