{
  "origin" : {
    "x" : 194121.643224369909,
    "y" : 2662383.45870195189,
    "spatialReference" : {
      "wkid" : 32646,
      "latestWkid" : 32646
    }
  },
  "extent" : {
    "xmin" : 194121.643224369909,
    "ymin" : 2602948.57885792339,
    "xmax" : 270811.810765051865,
    "ymax" : 2662383.45870195189,
    "spatialReference" : {
      "wkid" : 32646,
      "latestWkid" : 32646
    }
  },
  "geodataXform" : {
    "spatialReference" : {
      "wkid" : 32646,
      "latestWkid" : 32646
    },
    "type" : "IdentityXform"
  },
  "LODInfos" : {
    "resolutions" : [
      1917.2541885170485,
      958.62709425852427
    ],
    "levels" : [
      0,
      1
    ],
    "scales" : [
      7246300.5505839549,
      3623150.2752919775
    ],
    "dpi" : 96,
    "type" : "RasterLODInfos"
  },
  "blockWidth" : 256,
  "blockHeight" : 256,
  "bandCount" : 1,
  "pixelType" : 10,
  "pixelSizeX" : 958.62709425852449,
  "pixelSizeY" : 958.62709425852427,
  "format" : "Cache/RAW",
  "compressionType" : "",
  "firstPyramidLevel" : 1,
  "maximumPyramidLevel" : 0,
  "packetSize" : 12,
  "compressionQuality" : 0,
  "pyramidResamplingType" : 0,
  "properties" : {
    "KIND" : "IMAGE",
    "BAND_COUNT" : "1",
    "HAS_TABLE" : "0",
    "HAS_XFORM" : "0",
    "BSQ" : "0",
    "BandProperties" : [
      {
        "NoData" : "0",
        "BandName" : "tropospheric_NO2_column_number_density",
        "type" : "PropertySet"
      }
    ],
    "DataType" : "Generic",
    "type" : "PropertySet"
  },
  "statistics" : [
    {
      "min" : 4.6471443975287269e-05,
      "max" : 0.0003336786235493523,
      "mean" : 0.00015458379896705698,
      "standardDeviation" : 7.7117833290468474e-05,
      "sum" : 0.36945527953126617,
      "median" : 0.00014445977582996827,
      "mode" : 6.4492286615228599e-05,
      "skipX" : 1,
      "skipY" : 1,
      "count" : 2390,
      "covariances" : "0.000000"
    }
  ],
  "histograms" : [
    {
      "size" : 256,
      "min" : 4.6471443975287269e-05,
      "max" : 0.0003336786235493523,
      "counts" : [
        1,
        0,
        1,
        5,
        7,
        10,
        14,
        14,
        16,
        4,
        14,
        17,
        35,
        13,
        23,
        34,
        61,
        33,
        16,
        21,
        30,
        32,
        39,
        42,
        26,
        32,
        18,
        21,
        20,
        13,
        10,
        20,
        17,
        12,
        10,
        7,
        9,
        13,
        13,
        12,
        9,
        13,
        9,
        13,
        8,
        12,
        7,
        12,
        12,
        13,
        15,
        17,
        10,
        15,
        12,
        13,
        9,
        13,
        11,
        9,
        8,
        5,
        12,
        6,
        6,
        4,
        8,
        5,
        4,
        8,
        7,
        3,
        14,
        3,
        8,
        11,
        15,
        15,
        10,
        8,
        11,
        8,
        9,
        9,
        10,
        6,
        11,
        10,
        10,
        7,
        21,
        8,
        14,
        10,
        11,
        9,
        15,
        16,
        17,
        14,
        4,
        9,
        9,
        10,
        10,
        11,
        4,
        8,
        8,
        10,
        6,
        12,
        10,
        6,
        14,
        7,
        7,
        6,
        14,
        6,
        6,
        7,
        9,
        2,
        10,
        7,
        8,
        12,
        5,
        2,
        7,
        10,
        5,
        6,
        3,
        6,
        12,
        4,
        12,
        5,
        11,
        10,
        6,
        8,
        6,
        6,
        9,
        5,
        7,
        3,
        11,
        13,
        12,
        6,
        7,
        10,
        10,
        11,
        3,
        16,
        13,
        11,
        14,
        8,
        11,
        13,
        7,
        19,
        13,
        12,
        15,
        16,
        16,
        13,
        19,
        11,
        13,
        7,
        9,
        9,
        5,
        5,
        4,
        10,
        6,
        3,
        8,
        7,
        4,
        5,
        5,
        4,
        5,
        7,
        2,
        4,
        2,
        3,
        3,
        4,
        5,
        2,
        1,
        7,
        4,
        4,
        9,
        6,
        7,
        5,
        4,
        8,
        7,
        7,
        5,
        2,
        1,
        8,
        4,
        9,
        7,
        1,
        2,
        3,
        6,
        5,
        12,
        4,
        5,
        1,
        1,
        2,
        3,
        2,
        1,
        1,
        0,
        2,
        4,
        3,
        3,
        4,
        3,
        2,
        7,
        3,
        4,
        2,
        3,
        0,
        3,
        5,
        2,
        0,
        1,
        1
      ]
    }
  ],
  "type" : "RasterInfo"
}