n_months,rmse,mae,mape_percent,nrmse_mean,nrmse_range,bias_mean,pearson_r,r_squared,ccc,blanda_mean,blanda_sd,blanda_loa_low,blanda_loa_high,pearson_pvalue,spearman_rho,spearman_pvalue,paired_t_stat,paired_t_pvalue
72,18.22200879946861,15.513011237622075,37.71886343073793,0.44310997968588506,3.8087941675729766,-7.134109466285638,-0.0026329757415432175,6.9325612555550565e-06,-0.0003564983272506993,-7.134109466285638,16.885078941200014,-40.228864191037665,25.960645258466393,0.9824873922959654,-0.002829763971959612,0.9811787317937026,-3.5851136015921052,0.0006144605377459731
